"dep_com","idp_refugie_last_month","idp_refugie_3_months","food_access_no","mean_existence_access_no","market_access","security_feeling_no","health_access_no","education_access_no","diff_info_access","diff_info_access_no","nutri_programme","enough_water_access_no","pdi_vivant_cond_adeq_no","abris_dommages","procuration_savon","tel_mobile","settlement_assessed_num","ki_num","localiteName_fr","localiteRefName","com_loc","admin3Name_fr","admin3Pcode","admin3RefName","admin2Name_fr","admin2Pcode","admin2RefName","admin1Name_fr","admin1Pcode","admin1RefName","admin0Name_fr","admin0Pcode","admin0RefName","POINT_X","POINT_Y","settlement_com_num","reg_dep","pay_reg","geometry","dep_percentage"
"Abala_Abala",0,0,0.5,0.605263157894737,0.868421052631579,0.473684210526316,0,0.289473684210526,0.105263157894737,0.894736842105263,0.710526315789474,0.710526315789474,0.333333333333333,0.0526315789473684,0.789473684210526,0.789473684210526,38,58,NA,NA,NA,NA,NA,NA,NA,NA,NA,NA,NA,NA,NA,NA,NA,NA,NA,NA,NA,NA,list(),NA
"Abala_Sanam",0,0,0.473684210526316,0.473684210526316,0.789473684210526,0.526315789473684,0.105263157894737,0.210526315789474,0.315789473684211,0.684210526315789,0.789473684210526,0.631578947368421,NA,0,0.736842105263158,0.736842105263158,19,33,NA,NA,NA,NA,NA,NA,NA,NA,NA,NA,NA,NA,NA,NA,NA,NA,NA,NA,NA,NA,list(),NA
"Anderamboukane_anderamboukane",0.166666666666667,0.333333333333333,0.583333333333333,0.666666666666667,0.583333333333333,0.75,0.75,0.916666666666667,0.5,0.5,0,0.666666666666667,0.75,0.166666666666667,0.916666666666667,0,12,12,NA,NA,NA,NA,NA,NA,NA,NA,NA,NA,NA,NA,NA,NA,NA,NA,NA,NA,NA,NA,list(),NA
"Ansongo_Ansongo",0,0,0.6,0.2,1,1,0,0.4,0.2,0.8,0.8,0,1,0.2,0.6,0.2,5,5,NA,NA,NA,NA,NA,NA,NA,NA,NA,NA,NA,NA,NA,NA,NA,NA,NA,NA,NA,NA,list(),NA
"Ansongo_Bara",0.25,0.25,0.625,0.625,0.75,1,0.375,0.875,0.5,0.5,0.5,0.125,1,0.25,1,0.375,8,8,NA,NA,NA,NA,NA,NA,NA,NA,NA,NA,NA,NA,NA,NA,NA,NA,NA,NA,NA,NA,list(),NA
"Ansongo_Bourra",0.25,0.25,0.375,0.25,0.75,0.75,0.375,0.875,0.625,0.375,0.375,0.25,1,0,0.75,0.5,8,8,NA,NA,NA,NA,NA,NA,NA,NA,NA,NA,NA,NA,NA,NA,NA,NA,NA,NA,NA,NA,list(),NA
"Ansongo_Ouattagouna",0.1,0.5,0.6,0.7,0.5,1,0.5,1,0.8,0.2,0,0.4,0.333333333333333,0.1,0.8,0,10,10,NA,NA,NA,NA,NA,NA,NA,NA,NA,NA,NA,NA,NA,NA,NA,NA,NA,NA,NA,NA,list(),NA
"Ansongo_Talataye",0.6,0.8,0.4,0.6,0.4,1,0.4,1,0.6,0.4,0.4,0.4,0.75,0.6,0.6,0,5,5,NA,NA,NA,NA,NA,NA,NA,NA,NA,NA,NA,NA,NA,NA,NA,NA,NA,NA,NA,NA,list(),NA
"Ansongo_Tessit",0.142857142857143,0.571428571428571,0.428571428571429,0.428571428571429,0.428571428571429,1,0.571428571428571,1,0.428571428571429,0.571428571428571,0.285714285714286,0.714285714285714,1,0.285714285714286,0.857142857142857,0.428571428571429,7,7,NA,NA,NA,NA,NA,NA,NA,NA,NA,NA,NA,NA,NA,NA,NA,NA,NA,NA,NA,NA,list(),NA
"Ansongo_Tin Hama",0.666666666666667,0.833333333333333,0.5,0.5,0.666666666666667,1,0.5,0.833333333333333,0.333333333333333,0.666666666666667,0.333333333333333,0.333333333333333,1,0.333333333333333,0.833333333333333,0.333333333333333,6,6,NA,NA,NA,NA,NA,NA,NA,NA,NA,NA,NA,NA,NA,NA,NA,NA,NA,NA,NA,NA,list(),NA
"Ayerou_Ayerou",0,0,0.666666666666667,0.5,1,0.833333333333333,0,0,0,1,0.666666666666667,0,1,0,0,0.333333333333333,6,9,NA,NA,NA,NA,NA,NA,NA,NA,NA,NA,NA,NA,NA,NA,NA,NA,NA,NA,NA,NA,list(),NA
"Ayerou_Inates",0,0,0.833333333333333,0.833333333333333,1,0.833333333333333,0.166666666666667,0.5,0.333333333333333,0.666666666666667,0.666666666666667,0.666666666666667,NA,0,0.833333333333333,0.166666666666667,6,8,NA,NA,NA,NA,NA,NA,NA,NA,NA,NA,NA,NA,NA,NA,NA,NA,NA,NA,NA,NA,list(),NA
"Bam_Bourzanga",0.2,0.6,0,0.2,1,0.6,0,0.4,0,1,1,0.4,0,0,0,1,5,7,NA,NA,NA,NA,NA,NA,NA,NA,NA,NA,NA,NA,NA,NA,NA,NA,NA,NA,NA,NA,list(),NA
"Bam_Guibare",0,0,0,0,1,0,0,0,0,1,1,0,0.5,0,0,1,2,2,NA,NA,NA,NA,NA,NA,NA,NA,NA,NA,NA,NA,NA,NA,NA,NA,NA,NA,NA,NA,list(),NA
"Bam_Kongoussi",0.2,0.2,0,0,1,0,0,0,0,1,1,0.4,0.8,0.2,0,1,5,8,NA,NA,NA,NA,NA,NA,NA,NA,NA,NA,NA,NA,NA,NA,NA,NA,NA,NA,NA,NA,list(),NA
"Bam_Nassere",0,0,0,0,1,0,0,0,0,1,1,0.5,0,0,0,1,2,4,NA,NA,NA,NA,NA,NA,NA,NA,NA,NA,NA,NA,NA,NA,NA,NA,NA,NA,NA,NA,list(),NA
"Bam_Rollo",0,0,0,0,1,0.25,0,0,0,1,1,0.25,0.5,0,0,1,4,5,NA,NA,NA,NA,NA,NA,NA,NA,NA,NA,NA,NA,NA,NA,NA,NA,NA,NA,NA,NA,list(),NA
"Bam_Rouko",0,0,0,0,1,0,0,0,0,1,1,0.5,0.5,0,0,1,2,4,NA,NA,NA,NA,NA,NA,NA,NA,NA,NA,NA,NA,NA,NA,NA,NA,NA,NA,NA,NA,list(),NA
"Bam_Sabce",0,0.25,0.25,0,1,0,0,0,0,1,1,0.25,0.5,0,0,1,4,7,NA,NA,NA,NA,NA,NA,NA,NA,NA,NA,NA,NA,NA,NA,NA,NA,NA,NA,NA,NA,list(),NA
"Bam_Tikare",0,0,0.2,0,1,0,0,0,0,1,1,0.4,0,0,0,0.8,5,8,NA,NA,NA,NA,NA,NA,NA,NA,NA,NA,NA,NA,NA,NA,NA,NA,NA,NA,NA,NA,list(),NA
"Bam_Zimtenga",0.25,0.25,0.5,0,1,0,0,0,0.5,0.5,1,0.25,0,0,0,1,4,6,NA,NA,NA,NA,NA,NA,NA,NA,NA,NA,NA,NA,NA,NA,NA,NA,NA,NA,NA,NA,list(),NA
"Bandiagara_Bandiagara Commune",0,1,0,1,1,1,0,1,0,1,1,0.5,1,0,0.5,1,2,2,NA,NA,NA,NA,NA,NA,NA,NA,NA,NA,NA,NA,NA,NA,NA,NA,NA,NA,NA,NA,list(),NA
"Bandiagara_Bara Sara",0.5,0.5,0,1,1,1,0,1,0,1,1,0,1,0,0,1,2,2,NA,NA,NA,NA,NA,NA,NA,NA,NA,NA,NA,NA,NA,NA,NA,NA,NA,NA,NA,NA,list(),NA
"Bandiagara_Borko",0,0,0,0.5,0.5,1,0.5,1,0,1,0,0.5,1,0,0,1,2,2,NA,NA,NA,NA,NA,NA,NA,NA,NA,NA,NA,NA,NA,NA,NA,NA,NA,NA,NA,NA,list(),NA
"Bandiagara_Dandoli",0,0,1,0.5,1,1,0,1,0,1,1,1,1,0,1,1,2,2,NA,NA,NA,NA,NA,NA,NA,NA,NA,NA,NA,NA,NA,NA,NA,NA,NA,NA,NA,NA,list(),NA
"Bandiagara_Diamnati",0.5,1,1,1,1,1,0,1,0,1,1,0,1,0,1,1,2,2,NA,NA,NA,NA,NA,NA,NA,NA,NA,NA,NA,NA,NA,NA,NA,NA,NA,NA,NA,NA,list(),NA
"Bandiagara_Dogani Bere",0,0,0.5,0.5,1,1,0,1,0,1,0.5,1,1,0,0.5,1,2,2,NA,NA,NA,NA,NA,NA,NA,NA,NA,NA,NA,NA,NA,NA,NA,NA,NA,NA,NA,NA,list(),NA
"Bandiagara_Doucoumbo",0,0.5,0.5,1,1,1,0,1,0,1,0.5,0,1,0,0,1,2,2,NA,NA,NA,NA,NA,NA,NA,NA,NA,NA,NA,NA,NA,NA,NA,NA,NA,NA,NA,NA,list(),NA
"Bandiagara_Dourou",0,0,0,0,1,1,0,1,0,1,1,1,1,0,1,1,2,2,NA,NA,NA,NA,NA,NA,NA,NA,NA,NA,NA,NA,NA,NA,NA,NA,NA,NA,NA,NA,list(),NA
"Bandiagara_Kende",0,0,0.5,0.5,1,1,0,1,0,1,0.5,0.5,1,0,0.5,1,2,2,NA,NA,NA,NA,NA,NA,NA,NA,NA,NA,NA,NA,NA,NA,NA,NA,NA,NA,NA,NA,list(),NA
"Bandiagara_Kendie",0.5,0.5,0,0.5,1,1,0,1,0,1,1,0,1,0,0,1,2,2,NA,NA,NA,NA,NA,NA,NA,NA,NA,NA,NA,NA,NA,NA,NA,NA,NA,NA,NA,NA,list(),NA
"Bandiagara_Metoumou",0,0.5,0,1,0.5,1,0.5,1,0,1,0.5,0.5,0.5,0,0.5,1,2,2,NA,NA,NA,NA,NA,NA,NA,NA,NA,NA,NA,NA,NA,NA,NA,NA,NA,NA,NA,NA,list(),NA
"Bandiagara_Ondougou",0,0,0.5,0,0,1,0,1,0,1,1,1,1,0,1,1,2,2,NA,NA,NA,NA,NA,NA,NA,NA,NA,NA,NA,NA,NA,NA,NA,NA,NA,NA,NA,NA,list(),NA
"Bandiagara_Pelou",0,0,1,1,1,1,0,1,0,1,1,0.5,1,0,0,1,2,2,NA,NA,NA,NA,NA,NA,NA,NA,NA,NA,NA,NA,NA,NA,NA,NA,NA,NA,NA,NA,list(),NA
"Bandiagara_Pignari",0,0,1,1,1,1,0.5,1,0,1,0,0.5,1,0,0,1,2,2,NA,NA,NA,NA,NA,NA,NA,NA,NA,NA,NA,NA,NA,NA,NA,NA,NA,NA,NA,NA,list(),NA
"Bandiagara_Pignari Bana",0,0,0.5,0.5,0.5,1,0.5,1,0,1,0,0,1,0,0,1,2,2,NA,NA,NA,NA,NA,NA,NA,NA,NA,NA,NA,NA,NA,NA,NA,NA,NA,NA,NA,NA,list(),NA
"Bandiagara_Sangha",0.5,1,0.5,1,1,1,0,1,0,1,1,0.5,1,0,0,1,2,2,NA,NA,NA,NA,NA,NA,NA,NA,NA,NA,NA,NA,NA,NA,NA,NA,NA,NA,NA,NA,list(),NA
"Bandiagara_Segue Ire",0,1,0,1,1,1,0,1,0,1,1,0,1,0,1,1,2,2,NA,NA,NA,NA,NA,NA,NA,NA,NA,NA,NA,NA,NA,NA,NA,NA,NA,NA,NA,NA,list(),NA
"Bandiagara_Soroly",0,0,0.5,1,1,1,0,1,0,1,0,0.5,1,0,1,1,2,2,NA,NA,NA,NA,NA,NA,NA,NA,NA,NA,NA,NA,NA,NA,NA,NA,NA,NA,NA,NA,list(),NA
"Bandiagara_Timiri",0,0,1,1,0,1,0.5,1,0,1,0,0.5,1,0,0.5,1,2,2,NA,NA,NA,NA,NA,NA,NA,NA,NA,NA,NA,NA,NA,NA,NA,NA,NA,NA,NA,NA,list(),NA
"Bandiagara_Wadouba",0.5,1,0,1,1,1,0,1,0,1,1,0,1,0,0,1,2,2,NA,NA,NA,NA,NA,NA,NA,NA,NA,NA,NA,NA,NA,NA,NA,NA,NA,NA,NA,NA,list(),NA
"Banibangou_Banibangou",0,0,0.875,0.9375,0.8125,0.75,0.25,0.6875,0.5,0.5,0.75,0.5625,1,0,0.75,0.375,16,31,NA,NA,NA,NA,NA,NA,NA,NA,NA,NA,NA,NA,NA,NA,NA,NA,NA,NA,NA,NA,list(),NA
"Bankass_Bankass",0,0.5,0,1,0.5,1,0,1,0,1,0.5,1,1,0,0.5,1,2,2,NA,NA,NA,NA,NA,NA,NA,NA,NA,NA,NA,NA,NA,NA,NA,NA,NA,NA,NA,NA,list(),NA
"Bankass_Baye",0,0.333333333333333,0.333333333333333,1,0.333333333333333,1,0.666666666666667,1,0,1,0,0.666666666666667,1,0,0.666666666666667,1,3,3,NA,NA,NA,NA,NA,NA,NA,NA,NA,NA,NA,NA,NA,NA,NA,NA,NA,NA,NA,NA,list(),NA
"Bankass_Diallassagou",0.333333333333333,1,0.666666666666667,0.666666666666667,0.333333333333333,1,0.666666666666667,1,0,1,0.333333333333333,0.666666666666667,1,0,0.333333333333333,1,3,3,NA,NA,NA,NA,NA,NA,NA,NA,NA,NA,NA,NA,NA,NA,NA,NA,NA,NA,NA,NA,list(),NA
"Bankass_Dimbal Habe",0,0.333333333333333,0.333333333333333,1,0.666666666666667,1,0.333333333333333,1,0,1,0.666666666666667,0.333333333333333,0.666666666666667,0,0.333333333333333,1,3,3,NA,NA,NA,NA,NA,NA,NA,NA,NA,NA,NA,NA,NA,NA,NA,NA,NA,NA,NA,NA,list(),NA
"Bankass_Kani Bozon",0,0.5,1,1,1,1,0.5,1,0,1,1,0.5,1,0,0,1,2,3,NA,NA,NA,NA,NA,NA,NA,NA,NA,NA,NA,NA,NA,NA,NA,NA,NA,NA,NA,NA,list(),NA
"Bankass_Koulogon Habe",0,0,0.5,1,1,1,0,1,0,1,0,0,1,0,1,1,2,2,NA,NA,NA,NA,NA,NA,NA,NA,NA,NA,NA,NA,NA,NA,NA,NA,NA,NA,NA,NA,list(),NA
"Bankass_Lessagou Habe",0,0,0.5,0.5,1,1,0.5,1,0,1,0.5,0.5,1,0,0.5,1,2,2,NA,NA,NA,NA,NA,NA,NA,NA,NA,NA,NA,NA,NA,NA,NA,NA,NA,NA,NA,NA,list(),NA
"Bankass_Ouonkoro",0,0,0,1,1,1,0,1,0,1,1,1,1,0,0.5,1,2,2,NA,NA,NA,NA,NA,NA,NA,NA,NA,NA,NA,NA,NA,NA,NA,NA,NA,NA,NA,NA,list(),NA
"Bankass_Segue",0,0,1,1,0.666666666666667,1,0.333333333333333,1,0.333333333333333,0.666666666666667,0.333333333333333,0.666666666666667,1,0,0.333333333333333,0.666666666666667,3,3,NA,NA,NA,NA,NA,NA,NA,NA,NA,NA,NA,NA,NA,NA,NA,NA,NA,NA,NA,NA,list(),NA
"Bankass_Sokoura",0.666666666666667,1,0.666666666666667,0.666666666666667,1,1,0,1,0,1,1,0.666666666666667,1,0,0.333333333333333,1,3,3,NA,NA,NA,NA,NA,NA,NA,NA,NA,NA,NA,NA,NA,NA,NA,NA,NA,NA,NA,NA,list(),NA
"Bankass_Soubala",0,0,0.5,0.5,1,1,0.5,1,0,1,0.5,0,1,0,0.5,1,2,2,NA,NA,NA,NA,NA,NA,NA,NA,NA,NA,NA,NA,NA,NA,NA,NA,NA,NA,NA,NA,list(),NA
"Bankass_Tori",0,0,0,1,1,1,0,1,0,1,1,0.5,1,0,0.5,1,2,2,NA,NA,NA,NA,NA,NA,NA,NA,NA,NA,NA,NA,NA,NA,NA,NA,NA,NA,NA,NA,list(),NA
"Bankilare_Bankilare",0,0,0.375,0.625,1,0.125,0,0.125,0.375,0.625,0.625,0.75,0,0,0.375,0.875,8,13,NA,NA,NA,NA,NA,NA,NA,NA,NA,NA,NA,NA,NA,NA,NA,NA,NA,NA,NA,NA,list(),NA
"Bourem_Bamba",0,0,0.571428571428571,0.571428571428571,0.714285714285714,0.714285714285714,0.285714285714286,0.571428571428571,0.285714285714286,0.714285714285714,0.142857142857143,0.428571428571429,0,0.285714285714286,0.571428571428571,0.428571428571429,7,7,NA,NA,NA,NA,NA,NA,NA,NA,NA,NA,NA,NA,NA,NA,NA,NA,NA,NA,NA,NA,list(),NA
"Bourem_Bourem",0,0.111111111111111,0.333333333333333,0.111111111111111,0.888888888888889,0.888888888888889,0,0.777777777777778,0.222222222222222,0.777777777777778,0.888888888888889,0.111111111111111,0,0,0.444444444444444,0.555555555555556,9,9,NA,NA,NA,NA,NA,NA,NA,NA,NA,NA,NA,NA,NA,NA,NA,NA,NA,NA,NA,NA,list(),NA
"Bourem_Taboye",0.333333333333333,0.333333333333333,0.666666666666667,0.5,1,0.666666666666667,0.166666666666667,0.666666666666667,0.166666666666667,0.666666666666667,0.666666666666667,0.166666666666667,0.5,0.166666666666667,0.5,0.166666666666667,6,6,NA,NA,NA,NA,NA,NA,NA,NA,NA,NA,NA,NA,NA,NA,NA,NA,NA,NA,NA,NA,list(),NA
"Bourem_Tarkint",0,0.2,0.666666666666667,0.466666666666667,0.533333333333333,0.8,0.533333333333333,0.733333333333333,0.333333333333333,0.666666666666667,0.2,0.533333333333333,0.6,0.0666666666666667,0.733333333333333,0.2,15,15,NA,NA,NA,NA,NA,NA,NA,NA,NA,NA,NA,NA,NA,NA,NA,NA,NA,NA,NA,NA,list(),NA
"Bourem_Temera",0,0,0.666666666666667,0.666666666666667,1,0.833333333333333,0.166666666666667,0.666666666666667,0.333333333333333,0.666666666666667,0.333333333333333,0.166666666666667,1,0.166666666666667,0.666666666666667,0.166666666666667,6,6,NA,NA,NA,NA,NA,NA,NA,NA,NA,NA,NA,NA,NA,NA,NA,NA,NA,NA,NA,NA,list(),NA
"Dire_Arham",0,0,0,0,1,0.5,0,0.5,0,1,0.5,0,NA,0,0,1,2,2,NA,NA,NA,NA,NA,NA,NA,NA,NA,NA,NA,NA,NA,NA,NA,NA,NA,NA,NA,NA,list(),NA
"Dire_Binga",0,0,0.333333333333333,0.333333333333333,0.666666666666667,0.333333333333333,1,1,0,1,0,0,0,0,1,0.666666666666667,3,3,NA,NA,NA,NA,NA,NA,NA,NA,NA,NA,NA,NA,NA,NA,NA,NA,NA,NA,NA,NA,list(),NA
"Dire_Dire",0,0,0,0,1,0,0,0,0,1,0.5,0,NA,0,0,0.5,2,2,NA,NA,NA,NA,NA,NA,NA,NA,NA,NA,NA,NA,NA,NA,NA,NA,NA,NA,NA,NA,list(),NA
"Dire_Garbakoira",0,0,0,0,1,0,0,1,0,1,1,0,NA,0,0,0,2,2,NA,NA,NA,NA,NA,NA,NA,NA,NA,NA,NA,NA,NA,NA,NA,NA,NA,NA,NA,NA,list(),NA
"Dire_Haibongo",0,0,0,0,1,0,0,0.5,0,1,1,0,NA,0,0,0,2,2,NA,NA,NA,NA,NA,NA,NA,NA,NA,NA,NA,NA,NA,NA,NA,NA,NA,NA,NA,NA,list(),NA
"Dire_Kirchamba",0,0,0.5,0.5,0.5,0.5,0,1,0.5,0.5,0.5,0.5,NA,0,0.5,0,2,2,NA,NA,NA,NA,NA,NA,NA,NA,NA,NA,NA,NA,NA,NA,NA,NA,NA,NA,NA,NA,list(),NA
"Dire_Kondi",0,0,0,1,0,1,1,1,0,1,0,1,NA,0,1,0,2,2,NA,NA,NA,NA,NA,NA,NA,NA,NA,NA,NA,NA,NA,NA,NA,NA,NA,NA,NA,NA,list(),NA
"Dire_Sareyamou",0,0,0,0,1,0,0,1,0,1,1,0,NA,0,0,0,2,2,NA,NA,NA,NA,NA,NA,NA,NA,NA,NA,NA,NA,NA,NA,NA,NA,NA,NA,NA,NA,list(),NA
"Dire_Tienkour",0,0,0,0,1,1,0,0,0,1,0,1,NA,0,0,0,1,1,NA,NA,NA,NA,NA,NA,NA,NA,NA,NA,NA,NA,NA,NA,NA,NA,NA,NA,NA,NA,list(),NA
"Dire_Tindirma",0,0,0.5,0.5,0.5,0.5,0.5,0.5,0.5,0.5,0.5,0.5,NA,0,0.5,0,2,2,NA,NA,NA,NA,NA,NA,NA,NA,NA,NA,NA,NA,NA,NA,NA,NA,NA,NA,NA,NA,list(),NA
"Djenne_Dandougou Fakala",0,0.333333333333333,0.333333333333333,0.333333333333333,0.666666666666667,1,0.333333333333333,0.333333333333333,0,1,0.333333333333333,0,1,0,0.333333333333333,1,3,3,NA,NA,NA,NA,NA,NA,NA,NA,NA,NA,NA,NA,NA,NA,NA,NA,NA,NA,NA,NA,list(),NA
"Djenne_Derrary",0,0,1,1,0.333333333333333,1,0.333333333333333,1,0,1,0.666666666666667,0.333333333333333,1,0,0,1,3,3,NA,NA,NA,NA,NA,NA,NA,NA,NA,NA,NA,NA,NA,NA,NA,NA,NA,NA,NA,NA,list(),NA
"Djenne_Djenne Commune",0,0,0,0,0.666666666666667,1,0,0.666666666666667,0,1,0.666666666666667,0.333333333333333,1,0,0,1,3,3,NA,NA,NA,NA,NA,NA,NA,NA,NA,NA,NA,NA,NA,NA,NA,NA,NA,NA,NA,NA,list(),NA
"Djenne_Fakala",0,0.333333333333333,0.666666666666667,0.666666666666667,1,1,0,0.666666666666667,0,1,1,0.333333333333333,1,0,0,0.666666666666667,3,3,NA,NA,NA,NA,NA,NA,NA,NA,NA,NA,NA,NA,NA,NA,NA,NA,NA,NA,NA,NA,list(),NA
"Djenne_Femaye",0,0,0,0,1,1,0,0.666666666666667,0,1,1,0.333333333333333,1,0,0,1,3,3,NA,NA,NA,NA,NA,NA,NA,NA,NA,NA,NA,NA,NA,NA,NA,NA,NA,NA,NA,NA,list(),NA
"Djenne_Kewa",0,0,0.333333333333333,0.333333333333333,0.666666666666667,1,1,1,0,1,0,0.333333333333333,1,0,0.333333333333333,1,3,3,NA,NA,NA,NA,NA,NA,NA,NA,NA,NA,NA,NA,NA,NA,NA,NA,NA,NA,NA,NA,list(),NA
"Djenne_Madiama",0.333333333333333,0.333333333333333,0,0,1,1,0,0.666666666666667,0,1,0.666666666666667,0,1,0,0,1,3,3,NA,NA,NA,NA,NA,NA,NA,NA,NA,NA,NA,NA,NA,NA,NA,NA,NA,NA,NA,NA,list(),NA
"Djenne_Nema Badenyakafo",0,0,0.333333333333333,0.333333333333333,0,1,0.333333333333333,0.666666666666667,0.333333333333333,0.666666666666667,0.666666666666667,0.666666666666667,NA,0,0.333333333333333,0.666666666666667,3,3,NA,NA,NA,NA,NA,NA,NA,NA,NA,NA,NA,NA,NA,NA,NA,NA,NA,NA,NA,NA,list(),NA
"Djenne_Niansanari",0,0,0.333333333333333,0,1,1,0,0,0,1,1,0.333333333333333,1,0,0,1,3,3,NA,NA,NA,NA,NA,NA,NA,NA,NA,NA,NA,NA,NA,NA,NA,NA,NA,NA,NA,NA,list(),NA
"Djenne_Ouro Ali",0,0,0.666666666666667,0.666666666666667,1,1,0,0.666666666666667,0,1,1,0.333333333333333,1,0,0,1,3,3,NA,NA,NA,NA,NA,NA,NA,NA,NA,NA,NA,NA,NA,NA,NA,NA,NA,NA,NA,NA,list(),NA
"Djenne_Pondori",0,0,0.333333333333333,0.333333333333333,1,1,0,1,0,1,0.333333333333333,0,NA,0,0.333333333333333,0.666666666666667,3,3,NA,NA,NA,NA,NA,NA,NA,NA,NA,NA,NA,NA,NA,NA,NA,NA,NA,NA,NA,NA,list(),NA
"Djenne_Togue Mourari",0,0,0.666666666666667,0.666666666666667,0,1,0.333333333333333,1,0,1,0,0,NA,0,0.333333333333333,1,3,3,NA,NA,NA,NA,NA,NA,NA,NA,NA,NA,NA,NA,NA,NA,NA,NA,NA,NA,NA,NA,list(),NA
"Douentza_Dallah",0,0,0.666666666666667,0.666666666666667,0.666666666666667,1,0.333333333333333,1,0.666666666666667,0.333333333333333,0.333333333333333,0.666666666666667,1,0,0.333333333333333,0.666666666666667,3,3,NA,NA,NA,NA,NA,NA,NA,NA,NA,NA,NA,NA,NA,NA,NA,NA,NA,NA,NA,NA,list(),NA
"Douentza_Dangol Bore",0.333333333333333,0.666666666666667,0.333333333333333,0.666666666666667,0.666666666666667,1,0.333333333333333,1,0,1,0,0.333333333333333,1,0,0.333333333333333,1,3,3,NA,NA,NA,NA,NA,NA,NA,NA,NA,NA,NA,NA,NA,NA,NA,NA,NA,NA,NA,NA,list(),NA
"Douentza_Debere",0,0,1,1,1,1,0.5,1,0,1,0.5,1,NA,0,0,1,2,4,NA,NA,NA,NA,NA,NA,NA,NA,NA,NA,NA,NA,NA,NA,NA,NA,NA,NA,NA,NA,list(),NA
"Douentza_Dianwely",0,0.333333333333333,0.666666666666667,0.666666666666667,1,1,0,0.666666666666667,0,1,0.333333333333333,0.333333333333333,1,0,0.666666666666667,1,3,3,NA,NA,NA,NA,NA,NA,NA,NA,NA,NA,NA,NA,NA,NA,NA,NA,NA,NA,NA,NA,list(),NA
"Douentza_Djaptodji",0,0.5,0.5,0.5,1,1,0,0.5,0,1,1,0.5,0.5,0,0,1,2,3,NA,NA,NA,NA,NA,NA,NA,NA,NA,NA,NA,NA,NA,NA,NA,NA,NA,NA,NA,NA,list(),NA
"Douentza_Douentza Commune",0,0,1,1,0.5,1,0.5,1,0,1,0.5,0.5,1,0,1,1,2,2,NA,NA,NA,NA,NA,NA,NA,NA,NA,NA,NA,NA,NA,NA,NA,NA,NA,NA,NA,NA,list(),NA
"Douentza_Gandamia",0,0,0,0,1,1,0.5,1,1,0,0,0.5,NA,0,0,1,2,2,NA,NA,NA,NA,NA,NA,NA,NA,NA,NA,NA,NA,NA,NA,NA,NA,NA,NA,NA,NA,list(),NA
"Douentza_Haire",0,0,1,1,0.5,1,0.5,1,0,1,0,1,1,0,0.5,0.5,2,2,NA,NA,NA,NA,NA,NA,NA,NA,NA,NA,NA,NA,NA,NA,NA,NA,NA,NA,NA,NA,list(),NA
"Douentza_Hombori",0.333333333333333,0.333333333333333,0.333333333333333,1,0.666666666666667,1,0.666666666666667,1,0,1,0.333333333333333,0.666666666666667,1,0,0.333333333333333,0.666666666666667,3,3,NA,NA,NA,NA,NA,NA,NA,NA,NA,NA,NA,NA,NA,NA,NA,NA,NA,NA,NA,NA,list(),NA
"Douentza_Kerena",0,0,1,1,0,1,0.5,0,0,1,0,1,1,0,1,1,2,2,NA,NA,NA,NA,NA,NA,NA,NA,NA,NA,NA,NA,NA,NA,NA,NA,NA,NA,NA,NA,list(),NA
"Douentza_Koubewel Koundia",0,0,0.5,1,0.5,1,0.5,1,0,1,0.5,0.5,1,0,0.5,1,2,2,NA,NA,NA,NA,NA,NA,NA,NA,NA,NA,NA,NA,NA,NA,NA,NA,NA,NA,NA,NA,list(),NA
"Douentza_Mondoro",0,0,1,1,0.666666666666667,1,0.333333333333333,1,0,1,0,0.666666666666667,NA,0,0,0.333333333333333,3,3,NA,NA,NA,NA,NA,NA,NA,NA,NA,NA,NA,NA,NA,NA,NA,NA,NA,NA,NA,NA,list(),NA
"Douentza_Petaka",0,0,0.5,1,1,1,0,1,0.5,0.5,0.5,0.5,1,0,0.5,1,2,2,NA,NA,NA,NA,NA,NA,NA,NA,NA,NA,NA,NA,NA,NA,NA,NA,NA,NA,NA,NA,list(),NA
"Douentza_Tedie",0,0,0.5,1,0.5,1,0.5,1,0,1,0.5,0,NA,0,0.5,1,2,2,NA,NA,NA,NA,NA,NA,NA,NA,NA,NA,NA,NA,NA,NA,NA,NA,NA,NA,NA,NA,list(),NA
"Filingue_Filingue",0,0,0.366666666666667,0.533333333333333,1,0.133333333333333,0,0,0.1,0.9,0.866666666666667,0.5,NA,0,0.533333333333333,0.866666666666667,30,42,NA,NA,NA,NA,NA,NA,NA,NA,NA,NA,NA,NA,NA,NA,NA,NA,NA,NA,NA,NA,list(),NA
"Filingue_Imanan",0,0,0.428571428571429,0.285714285714286,1,0,0,0,0,1,0.571428571428571,0.571428571428571,NA,0,0.714285714285714,1,7,7,NA,NA,NA,NA,NA,NA,NA,NA,NA,NA,NA,NA,NA,NA,NA,NA,NA,NA,NA,NA,list(),NA
"Filingue_Kourfeye Centre",0,0,0.583333333333333,0.75,1,0.333333333333333,0,0,0.166666666666667,0.833333333333333,0.666666666666667,0.416666666666667,NA,0,0.416666666666667,0.833333333333333,12,20,NA,NA,NA,NA,NA,NA,NA,NA,NA,NA,NA,NA,NA,NA,NA,NA,NA,NA,NA,NA,list(),NA
"Filingue_Tondikandia",0,0,0.75,0.4375,1,0,0,0,0,1,0.625,0.625,NA,0,0.5,0.9375,16,29,NA,NA,NA,NA,NA,NA,NA,NA,NA,NA,NA,NA,NA,NA,NA,NA,NA,NA,NA,NA,list(),NA
"Gao_Anchawadi",0.230769230769231,0.307692307692308,0.538461538461538,0.0769230769230769,0.538461538461538,0.692307692307692,0.461538461538462,0.692307692307692,0.230769230769231,0.769230769230769,0.230769230769231,0.461538461538462,0.8,0,0.692307692307692,0.615384615384615,13,13,NA,NA,NA,NA,NA,NA,NA,NA,NA,NA,NA,NA,NA,NA,NA,NA,NA,NA,NA,NA,list(),NA
"Gao_Gabero",0.0625,0.125,0.5,0.25,1,0.5625,0,0.625,0.1875,0.8125,0.5,0.4375,0.5,0.1875,0.5,0.3125,16,16,NA,NA,NA,NA,NA,NA,NA,NA,NA,NA,NA,NA,NA,NA,NA,NA,NA,NA,NA,NA,list(),NA
"Gao_Gao",0,0,1,1,1,1,0,0,0,1,0,0,0,1,1,1,1,1,NA,NA,NA,NA,NA,NA,NA,NA,NA,NA,NA,NA,NA,NA,NA,NA,NA,NA,NA,NA,list(),NA
"Gao_Gounzoureye",0.0588235294117647,0.0588235294117647,0.176470588235294,0.117647058823529,0.882352941176471,0.470588235294118,0.0588235294117647,0.764705882352941,0.176470588235294,0.823529411764706,0.941176470588235,0.0588235294117647,0.5,0.0588235294117647,0.529411764705882,0.411764705882353,17,17,NA,NA,NA,NA,NA,NA,NA,NA,NA,NA,NA,NA,NA,NA,NA,NA,NA,NA,NA,NA,list(),NA
"Gao_N'tillit",0.25,0.375,0.75,0.625,0.5,1,0.625,0.75,0.375,0.625,0.375,0.625,1,0.375,0.75,0.375,8,8,NA,NA,NA,NA,NA,NA,NA,NA,NA,NA,NA,NA,NA,NA,NA,NA,NA,NA,NA,NA,list(),NA
"Gao_Sony Aliber",0,0,0.210526315789474,0.105263157894737,0.894736842105263,0.421052631578947,0.105263157894737,0.684210526315789,0,1,0.842105263157895,0.0526315789473684,NA,0.105263157894737,0.421052631578947,0.526315789473684,19,19,NA,NA,NA,NA,NA,NA,NA,NA,NA,NA,NA,NA,NA,NA,NA,NA,NA,NA,NA,NA,list(),NA
"Gao_tilemsi",0.0769230769230769,0.153846153846154,0.230769230769231,0.0769230769230769,0.846153846153846,0.230769230769231,0.384615384615385,0.769230769230769,0.384615384615385,0.615384615384615,0.153846153846154,0.230769230769231,0.25,0,0.384615384615385,0.461538461538462,13,14,NA,NA,NA,NA,NA,NA,NA,NA,NA,NA,NA,NA,NA,NA,NA,NA,NA,NA,NA,NA,list(),NA
"Gnagna_Bilanga",0,0.0666666666666667,0.533333333333333,0.4,1,0.333333333333333,0,0.2,0.466666666666667,0.533333333333333,1,0.8,1,0.133333333333333,0.866666666666667,0.333333333333333,15,18,NA,NA,NA,NA,NA,NA,NA,NA,NA,NA,NA,NA,NA,NA,NA,NA,NA,NA,NA,NA,list(),NA
"Gnagna_Bogande",0,0,0.875,0.125,1,0.5,0,0,0.25,0.75,1,0.625,0.75,0.25,0.875,0.625,8,10,NA,NA,NA,NA,NA,NA,NA,NA,NA,NA,NA,NA,NA,NA,NA,NA,NA,NA,NA,NA,list(),NA
"Gnagna_Coalla",0.0666666666666667,0.0666666666666667,0.2,0.2,1,0.4,0,0.4,0.133333333333333,0.866666666666667,1,0.333333333333333,0.5,0,0.866666666666667,0.933333333333333,15,23,NA,NA,NA,NA,NA,NA,NA,NA,NA,NA,NA,NA,NA,NA,NA,NA,NA,NA,NA,NA,list(),NA
"Gnagna_Liptougou",0.0909090909090909,0.181818181818182,0.727272727272727,0.636363636363636,1,0.909090909090909,0,1,0.818181818181818,0.181818181818182,1,0.818181818181818,0.8,0.0909090909090909,0.818181818181818,0.454545454545455,11,14,NA,NA,NA,NA,NA,NA,NA,NA,NA,NA,NA,NA,NA,NA,NA,NA,NA,NA,NA,NA,list(),NA
"Gnagna_Mani",0,0.166666666666667,0.666666666666667,0.5,1,0.833333333333333,0,0,0.666666666666667,0.333333333333333,1,0.833333333333333,0.666666666666667,0,0.666666666666667,0.833333333333333,6,8,NA,NA,NA,NA,NA,NA,NA,NA,NA,NA,NA,NA,NA,NA,NA,NA,NA,NA,NA,NA,list(),NA
"Gnagna_Piela",0,0.0833333333333333,0.416666666666667,0,1,0.583333333333333,0,0,0.416666666666667,0.583333333333333,1,0.75,0.666666666666667,0,0.833333333333333,0.75,12,14,NA,NA,NA,NA,NA,NA,NA,NA,NA,NA,NA,NA,NA,NA,NA,NA,NA,NA,NA,NA,list(),NA
"Gnagna_Thion",0,0.25,0.25,0.5,1,0.25,0,0,0.75,0.25,1,0.5,1,0,0.75,0.5,4,5,NA,NA,NA,NA,NA,NA,NA,NA,NA,NA,NA,NA,NA,NA,NA,NA,NA,NA,NA,NA,list(),NA
"Gotheye_Dargol",0,0,0.526315789473684,0.631578947368421,1,0.157894736842105,0,0.105263157894737,0.157894736842105,0.842105263157895,0.894736842105263,0.578947368421053,NA,0.0526315789473684,0.631578947368421,0.631578947368421,19,34,NA,NA,NA,NA,NA,NA,NA,NA,NA,NA,NA,NA,NA,NA,NA,NA,NA,NA,NA,NA,list(),NA
"Gotheye_Gotheye",0,0,0.470588235294118,0.470588235294118,1,0.117647058823529,0,0,0.352941176470588,0.647058823529412,0.941176470588235,0.470588235294118,NA,0,0.470588235294118,0.941176470588235,17,32,NA,NA,NA,NA,NA,NA,NA,NA,NA,NA,NA,NA,NA,NA,NA,NA,NA,NA,NA,NA,list(),NA
"Goundam_Adarmalane",0,0.5,1,0.5,0.5,1,0.5,1,1,0,0.5,1,1,0,0,0,2,2,NA,NA,NA,NA,NA,NA,NA,NA,NA,NA,NA,NA,NA,NA,NA,NA,NA,NA,NA,NA,list(),NA
"Goundam_Alzounoub",1,1,1,1,0,1,1,1,1,0,0,1,1,0,1,0,1,1,NA,NA,NA,NA,NA,NA,NA,NA,NA,NA,NA,NA,NA,NA,NA,NA,NA,NA,NA,NA,list(),NA
"Goundam_Bintagoungou",0,0,0.333333333333333,0.333333333333333,0.666666666666667,0.333333333333333,0.333333333333333,0.666666666666667,0.333333333333333,0.666666666666667,0.333333333333333,0,NA,0,0.333333333333333,0.333333333333333,3,3,NA,NA,NA,NA,NA,NA,NA,NA,NA,NA,NA,NA,NA,NA,NA,NA,NA,NA,NA,NA,list(),NA
"Goundam_Douekire",0,0,0.333333333333333,0.333333333333333,0.666666666666667,0.333333333333333,0.333333333333333,0.333333333333333,0,1,0.333333333333333,0,0,0,0.333333333333333,0.333333333333333,3,3,NA,NA,NA,NA,NA,NA,NA,NA,NA,NA,NA,NA,NA,NA,NA,NA,NA,NA,NA,NA,list(),NA
"Goundam_Doukouria",0,0,0.666666666666667,0.666666666666667,0.333333333333333,1,0.333333333333333,1,0.666666666666667,0.333333333333333,0.333333333333333,0.333333333333333,1,0,0.666666666666667,0,3,3,NA,NA,NA,NA,NA,NA,NA,NA,NA,NA,NA,NA,NA,NA,NA,NA,NA,NA,NA,NA,list(),NA
"Goundam_Essakane",0,0,0,0,0.333333333333333,0.333333333333333,0.666666666666667,1,0.333333333333333,0.666666666666667,0.333333333333333,0,NA,0,0.666666666666667,0.666666666666667,3,3,NA,NA,NA,NA,NA,NA,NA,NA,NA,NA,NA,NA,NA,NA,NA,NA,NA,NA,NA,NA,list(),NA
"Goundam_Gargando",0,0,0,0,1,1,0,1,0,1,1,0,NA,0,0,0,1,1,NA,NA,NA,NA,NA,NA,NA,NA,NA,NA,NA,NA,NA,NA,NA,NA,NA,NA,NA,NA,list(),NA
"Goundam_Goundam Commune",0,0,0,0,1,0,0,1,0,1,1,0,NA,0,0,1,1,1,NA,NA,NA,NA,NA,NA,NA,NA,NA,NA,NA,NA,NA,NA,NA,NA,NA,NA,NA,NA,list(),NA
"Goundam_Issa Bery",0,0,0.333333333333333,0.333333333333333,0.666666666666667,0,0.333333333333333,0.666666666666667,0,1,0.666666666666667,0,NA,0,0.333333333333333,0,3,3,NA,NA,NA,NA,NA,NA,NA,NA,NA,NA,NA,NA,NA,NA,NA,NA,NA,NA,NA,NA,list(),NA
"Goundam_Kaneye",0,0,1,1,0,1,1,1,1,0,0,0,NA,0,1,0,1,1,NA,NA,NA,NA,NA,NA,NA,NA,NA,NA,NA,NA,NA,NA,NA,NA,NA,NA,NA,NA,list(),NA
"Goundam_Tele",0,0,0,0,1,0,0,0,0,1,1,0,NA,0,0,0,1,1,NA,NA,NA,NA,NA,NA,NA,NA,NA,NA,NA,NA,NA,NA,NA,NA,NA,NA,NA,NA,list(),NA
"Goundam_tilemsi",1,1,1,1,0,1,1,1,1,0,0,1,1,0,1,0,1,1,NA,NA,NA,NA,NA,NA,NA,NA,NA,NA,NA,NA,NA,NA,NA,NA,NA,NA,NA,NA,list(),NA
"Goundam_Tin Aicha",0,0,0.5,0.5,0,1,1,1,1,0,0,0,1,0,1,0,2,2,NA,NA,NA,NA,NA,NA,NA,NA,NA,NA,NA,NA,NA,NA,NA,NA,NA,NA,NA,NA,list(),NA
"Goundam_Tonka",0,0,0.5,0.5,0.5,0.5,0.5,0,0.5,0.5,0.5,0.5,0,0,0.5,0.5,2,2,NA,NA,NA,NA,NA,NA,NA,NA,NA,NA,NA,NA,NA,NA,NA,NA,NA,NA,NA,NA,list(),NA
"Gourma-Rharous_Bambara Maoude",0,0,0.333333333333333,0.333333333333333,0.666666666666667,0.666666666666667,0.333333333333333,0.666666666666667,0,1,0.333333333333333,0.666666666666667,0,0,0.333333333333333,0.333333333333333,3,3,NA,NA,NA,NA,NA,NA,NA,NA,NA,NA,NA,NA,NA,NA,NA,NA,NA,NA,NA,NA,list(),NA
"Gourma-Rharous_Banicane",0,0,0,0,1,1,0.5,0.5,0.5,0.5,0.5,0,NA,0,0.5,0.5,2,2,NA,NA,NA,NA,NA,NA,NA,NA,NA,NA,NA,NA,NA,NA,NA,NA,NA,NA,NA,NA,list(),NA
"Gourma-Rharous_Gossi",0.285714285714286,0.571428571428571,1,1,0.142857142857143,1,0.857142857142857,1,0.571428571428571,0.428571428571429,0.142857142857143,0.857142857142857,1,0,1,0.285714285714286,7,7,NA,NA,NA,NA,NA,NA,NA,NA,NA,NA,NA,NA,NA,NA,NA,NA,NA,NA,NA,NA,list(),NA
"Gourma-Rharous_Hamzakona",0,0,0.5,0.5,0.5,0.5,0.5,1,0.5,0.5,0.5,0,NA,0,0.5,0,2,2,NA,NA,NA,NA,NA,NA,NA,NA,NA,NA,NA,NA,NA,NA,NA,NA,NA,NA,NA,NA,list(),NA
"Gourma-Rharous_Inadiatafane",0,0.5,1,1,0,1,1,1,1,0,0,1,1,0,1,0,2,2,NA,NA,NA,NA,NA,NA,NA,NA,NA,NA,NA,NA,NA,NA,NA,NA,NA,NA,NA,NA,list(),NA
"Gourma-Rharous_Ouinerden",0,0,0,0,1,1,0,1,1,0,1,0,NA,0,0,0,1,1,NA,NA,NA,NA,NA,NA,NA,NA,NA,NA,NA,NA,NA,NA,NA,NA,NA,NA,NA,NA,list(),NA
"Gourma-Rharous_Rharous",0,0.5,0,0,1,0,0,0,0,1,1,0,0,0,0,0.5,2,2,NA,NA,NA,NA,NA,NA,NA,NA,NA,NA,NA,NA,NA,NA,NA,NA,NA,NA,NA,NA,list(),NA
"Gourma-Rharous_Serere",0,0,0,0.333333333333333,1,0.333333333333333,0,0.666666666666667,0,1,0.666666666666667,0,0,0,0,0.666666666666667,3,3,NA,NA,NA,NA,NA,NA,NA,NA,NA,NA,NA,NA,NA,NA,NA,NA,NA,NA,NA,NA,list(),NA
"Gourma_Diabo",0.1,0.2,0.3,0.1,1,0.3,0,0,0.3,0.7,1,0.9,0.75,0,0.7,1,10,11,NA,NA,NA,NA,NA,NA,NA,NA,NA,NA,NA,NA,NA,NA,NA,NA,NA,NA,NA,NA,list(),NA
"Gourma_Diapangou",0,0,0,0,1,0,0,0,0,1,1,0.8,1,0,0.4,0.8,5,5,NA,NA,NA,NA,NA,NA,NA,NA,NA,NA,NA,NA,NA,NA,NA,NA,NA,NA,NA,NA,list(),NA
"Gourma_Fada N'gourma",0.0769230769230769,0.461538461538462,0.384615384615385,0.461538461538462,0.923076923076923,0.923076923076923,0.0769230769230769,0.538461538461538,0.0769230769230769,0.923076923076923,0.923076923076923,0.769230769230769,1,0,0.769230769230769,0.538461538461538,13,22,NA,NA,NA,NA,NA,NA,NA,NA,NA,NA,NA,NA,NA,NA,NA,NA,NA,NA,NA,NA,list(),NA
"Gourma_Matiacoali",0.0909090909090909,0.181818181818182,0.0909090909090909,0,1,0.636363636363636,0,0.909090909090909,0.181818181818182,0.818181818181818,1,1,1,0,0.181818181818182,0.909090909090909,11,16,NA,NA,NA,NA,NA,NA,NA,NA,NA,NA,NA,NA,NA,NA,NA,NA,NA,NA,NA,NA,list(),NA
"Gourma_Tibga",0,0.111111111111111,0.111111111111111,0.111111111111111,1,0.222222222222222,0.111111111111111,0,0.444444444444444,0.555555555555556,0.888888888888889,0.888888888888889,0.444444444444444,0,0.888888888888889,1,9,10,NA,NA,NA,NA,NA,NA,NA,NA,NA,NA,NA,NA,NA,NA,NA,NA,NA,NA,NA,NA,list(),NA
"Gourma_Yamba",0.125,0.125,0,0,1,0.125,0,0,0,1,1,1,0.5,0,0.125,0.875,8,11,NA,NA,NA,NA,NA,NA,NA,NA,NA,NA,NA,NA,NA,NA,NA,NA,NA,NA,NA,NA,list(),NA
"Inekar_inekar",0,0.555555555555556,0.444444444444444,0.444444444444444,0.333333333333333,0.666666666666667,0.666666666666667,0.888888888888889,0.333333333333333,0.666666666666667,0,0.555555555555556,0.6,0,0.777777777777778,0.111111111111111,9,10,NA,NA,NA,NA,NA,NA,NA,NA,NA,NA,NA,NA,NA,NA,NA,NA,NA,NA,NA,NA,list(),NA
"Komonjdjari_Bartiebougou",0,0,1,1,0.5,1,1,1,1,0,0,0.5,1,0.5,1,0,2,2,NA,NA,NA,NA,NA,NA,NA,NA,NA,NA,NA,NA,NA,NA,NA,NA,NA,NA,NA,NA,list(),NA
"Komonjdjari_Foutouri",0,0,0.4,0.4,0.8,0.4,0.2,0.8,0.6,0.4,0.8,0,1,0.4,0.8,0.4,5,5,NA,NA,NA,NA,NA,NA,NA,NA,NA,NA,NA,NA,NA,NA,NA,NA,NA,NA,NA,NA,list(),NA
"Komonjdjari_Gayeri",0.222222222222222,0.222222222222222,0,0,1,0.222222222222222,0,0.888888888888889,0.222222222222222,0.777777777777778,1,1,0.333333333333333,0,0,1,9,11,NA,NA,NA,NA,NA,NA,NA,NA,NA,NA,NA,NA,NA,NA,NA,NA,NA,NA,NA,NA,list(),NA
"Kompienga_Kompienga",0,0.2,0.4,0.4,0.8,0.6,0.2,0.4,0.4,0.6,0.8,0.8,0.75,0,0.8,0.6,5,7,NA,NA,NA,NA,NA,NA,NA,NA,NA,NA,NA,NA,NA,NA,NA,NA,NA,NA,NA,NA,list(),NA
"Kompienga_Madjoari",0,0,1,0.5,0.5,0.5,0,1,0.5,0.5,1,0.5,0.5,0,1,0.5,2,2,NA,NA,NA,NA,NA,NA,NA,NA,NA,NA,NA,NA,NA,NA,NA,NA,NA,NA,NA,NA,list(),NA
"Kompienga_Pama",0,0.2,0.4,0.4,0.8,0.8,0,0.6,0.6,0.4,1,0.6,1,0,0.8,0.8,5,5,NA,NA,NA,NA,NA,NA,NA,NA,NA,NA,NA,NA,NA,NA,NA,NA,NA,NA,NA,NA,list(),NA
"Koro_Bamba",0,0,0.5,1,0,1,1,1,0,1,0,0,1,0,0.5,1,2,2,NA,NA,NA,NA,NA,NA,NA,NA,NA,NA,NA,NA,NA,NA,NA,NA,NA,NA,NA,NA,list(),NA
"Koro_Barapireli",0.5,0.5,0,1,1,1,0,1,0,1,1,0,1,0,0,1,2,2,NA,NA,NA,NA,NA,NA,NA,NA,NA,NA,NA,NA,NA,NA,NA,NA,NA,NA,NA,NA,list(),NA
"Koro_Bondo",0.5,0.5,0,1,1,1,0,1,0,1,1,0,1,0,0,1,2,2,NA,NA,NA,NA,NA,NA,NA,NA,NA,NA,NA,NA,NA,NA,NA,NA,NA,NA,NA,NA,list(),NA
"Koro_Diankabou",0,0,0,0,0.5,1,0,1,0.5,0.5,0,0.5,1,0,0.5,0.5,2,2,NA,NA,NA,NA,NA,NA,NA,NA,NA,NA,NA,NA,NA,NA,NA,NA,NA,NA,NA,NA,list(),NA
"Koro_Dinangourou",0,0,1,1,1,1,0,1,0,1,0,1,1,0,0.5,0,2,2,NA,NA,NA,NA,NA,NA,NA,NA,NA,NA,NA,NA,NA,NA,NA,NA,NA,NA,NA,NA,list(),NA
"Koro_Diougani",1,1,1,1,0,1,1,1,0.5,0.5,0,1,1,0,1,1,2,2,NA,NA,NA,NA,NA,NA,NA,NA,NA,NA,NA,NA,NA,NA,NA,NA,NA,NA,NA,NA,list(),NA
"Koro_Dougoutene 1",0,0,0.5,0,1,1,0,1,0,1,1,1,1,0,1,1,2,2,NA,NA,NA,NA,NA,NA,NA,NA,NA,NA,NA,NA,NA,NA,NA,NA,NA,NA,NA,NA,list(),NA
"Koro_Dougoutene 2",0,0,0.5,0.5,1,1,0.5,1,0,1,0.5,1,1,0,1,1,2,2,NA,NA,NA,NA,NA,NA,NA,NA,NA,NA,NA,NA,NA,NA,NA,NA,NA,NA,NA,NA,list(),NA
"Koro_Kassa",0,0.5,1,1,0.5,1,0.5,1,1,0,0.5,0,1,0.5,1,1,2,2,NA,NA,NA,NA,NA,NA,NA,NA,NA,NA,NA,NA,NA,NA,NA,NA,NA,NA,NA,NA,list(),NA
"Koro_Koporo Pen",0,0,0.5,1,1,1,0,1,0,1,1,0.5,1,0,0,1,2,2,NA,NA,NA,NA,NA,NA,NA,NA,NA,NA,NA,NA,NA,NA,NA,NA,NA,NA,NA,NA,list(),NA
"Koro_Koporokendie Na",0,1,0,1,1,1,0,1,0,1,1,1,1,0,1,1,2,2,NA,NA,NA,NA,NA,NA,NA,NA,NA,NA,NA,NA,NA,NA,NA,NA,NA,NA,NA,NA,list(),NA
"Koro_Koro",0,0.5,1,1,1,1,0,1,0,1,1,0.5,1,0,0.5,1,2,2,NA,NA,NA,NA,NA,NA,NA,NA,NA,NA,NA,NA,NA,NA,NA,NA,NA,NA,NA,NA,list(),NA
"Koro_Madougou",0,0.5,0,1,1,1,0,1,0,1,0.5,1,1,0,1,1,2,2,NA,NA,NA,NA,NA,NA,NA,NA,NA,NA,NA,NA,NA,NA,NA,NA,NA,NA,NA,NA,list(),NA
"Koro_Pel Maoude",0,0.5,0,0,0.5,1,0.5,1,0,1,0.5,0.5,0.5,0,0,1,2,2,NA,NA,NA,NA,NA,NA,NA,NA,NA,NA,NA,NA,NA,NA,NA,NA,NA,NA,NA,NA,list(),NA
"Koro_Yoro",0,0.5,0,1,0.5,1,0,1,0,1,0,0,1,0,1,0,2,2,NA,NA,NA,NA,NA,NA,NA,NA,NA,NA,NA,NA,NA,NA,NA,NA,NA,NA,NA,NA,list(),NA
"Koro_Youdiou",0,1,0,0,1,1,1,1,0,1,0.5,1,1,0,1,1,2,2,NA,NA,NA,NA,NA,NA,NA,NA,NA,NA,NA,NA,NA,NA,NA,NA,NA,NA,NA,NA,list(),NA
"Loroum_Banh",0.142857142857143,0.142857142857143,0.857142857142857,1,0.285714285714286,0.857142857142857,0.285714285714286,1,0.428571428571429,0.571428571428571,0.571428571428571,0,0.8,0,1,1,7,7,NA,NA,NA,NA,NA,NA,NA,NA,NA,NA,NA,NA,NA,NA,NA,NA,NA,NA,NA,NA,list(),NA
"Loroum_Ouindigui",0,0,1,1,1,1,0,0.333333333333333,0,1,1,0,1,0,1,1,6,6,NA,NA,NA,NA,NA,NA,NA,NA,NA,NA,NA,NA,NA,NA,NA,NA,NA,NA,NA,NA,list(),NA
"Loroum_Solle",0,0.166666666666667,0.833333333333333,0.833333333333333,0.833333333333333,0.833333333333333,0.166666666666667,1,1,0,0.833333333333333,0.5,1,0,1,0.166666666666667,6,6,NA,NA,NA,NA,NA,NA,NA,NA,NA,NA,NA,NA,NA,NA,NA,NA,NA,NA,NA,NA,list(),NA
"Loroum_Titao",0,0.166666666666667,0.75,0.916666666666667,0.833333333333333,0.583333333333333,0,0.25,0.666666666666667,0.333333333333333,1,0.333333333333333,0.888888888888889,0,0.833333333333333,0.833333333333333,12,13,NA,NA,NA,NA,NA,NA,NA,NA,NA,NA,NA,NA,NA,NA,NA,NA,NA,NA,NA,NA,list(),NA
"Menaka_menaka",0,0.4,0.6,0.6,0.4,0.7,0.6,1,0.2,0.8,0.2,0.3,1,0.1,0.8,0.1,10,10,NA,NA,NA,NA,NA,NA,NA,NA,NA,NA,NA,NA,NA,NA,NA,NA,NA,NA,NA,NA,list(),NA
"Mopti_Bassirou",0,0,0,0,1,1,0,1,0,1,0.5,0,NA,0,0,1,2,2,NA,NA,NA,NA,NA,NA,NA,NA,NA,NA,NA,NA,NA,NA,NA,NA,NA,NA,NA,NA,list(),NA
"Mopti_Borondougou",0,0,0.5,0.5,0.5,1,0.5,0,0,1,0.5,0,1,0,0.5,1,2,2,NA,NA,NA,NA,NA,NA,NA,NA,NA,NA,NA,NA,NA,NA,NA,NA,NA,NA,NA,NA,list(),NA
"Mopti_Dialloube",0,0,0.5,0.5,0.5,1,1,1,1,0,0,0,NA,0,0,1,2,2,NA,NA,NA,NA,NA,NA,NA,NA,NA,NA,NA,NA,NA,NA,NA,NA,NA,NA,NA,NA,list(),NA
"Mopti_Fatoma",0,0,1,1,1,1,0,1,0,1,0.5,0,1,0,1,1,2,2,NA,NA,NA,NA,NA,NA,NA,NA,NA,NA,NA,NA,NA,NA,NA,NA,NA,NA,NA,NA,list(),NA
"Mopti_Konna",0,0,0.333333333333333,0,0.666666666666667,1,0.333333333333333,1,0,1,0.333333333333333,0,1,0,0.333333333333333,1,3,3,NA,NA,NA,NA,NA,NA,NA,NA,NA,NA,NA,NA,NA,NA,NA,NA,NA,NA,NA,NA,list(),NA
"Mopti_Korombana",0.333333333333333,0.333333333333333,0.333333333333333,0.333333333333333,1,1,0,1,0,1,0.666666666666667,0,1,0,0.333333333333333,0.666666666666667,3,3,NA,NA,NA,NA,NA,NA,NA,NA,NA,NA,NA,NA,NA,NA,NA,NA,NA,NA,NA,NA,list(),NA
"Mopti_Koubaye",0,0,0.333333333333333,0.333333333333333,1,1,0.333333333333333,1,0,1,0,0,NA,0,0,0.666666666666667,3,3,NA,NA,NA,NA,NA,NA,NA,NA,NA,NA,NA,NA,NA,NA,NA,NA,NA,NA,NA,NA,list(),NA
"Mopti_Kounari",0.333333333333333,0.333333333333333,0.333333333333333,1,0.333333333333333,1,0.333333333333333,1,0.333333333333333,0.666666666666667,0.333333333333333,0,1,0,0.333333333333333,0.666666666666667,3,3,NA,NA,NA,NA,NA,NA,NA,NA,NA,NA,NA,NA,NA,NA,NA,NA,NA,NA,NA,NA,list(),NA
"Mopti_Mopti Commune",0,0,0.5,0.5,1,1,0,1,0,1,1,0,1,0,0,1,2,2,NA,NA,NA,NA,NA,NA,NA,NA,NA,NA,NA,NA,NA,NA,NA,NA,NA,NA,NA,NA,list(),NA
"Mopti_Ouro Modi",0,0,0,0,0.5,1,0.5,1,0,1,0.5,0,NA,0,0,0.5,2,2,NA,NA,NA,NA,NA,NA,NA,NA,NA,NA,NA,NA,NA,NA,NA,NA,NA,NA,NA,NA,list(),NA
"Mopti_Ouroube Doude",0,0,0.5,1,0.5,1,0.5,1,0,1,0,0,NA,0,0.5,1,2,2,NA,NA,NA,NA,NA,NA,NA,NA,NA,NA,NA,NA,NA,NA,NA,NA,NA,NA,NA,NA,list(),NA
"Mopti_Sasalbe",0,0,0.5,0.5,0.5,1,0.5,0,0,1,0,0,NA,0,0.5,1,2,2,NA,NA,NA,NA,NA,NA,NA,NA,NA,NA,NA,NA,NA,NA,NA,NA,NA,NA,NA,NA,list(),NA
"Mopti_Sio",0,0.5,0,0,0.5,1,0,1,0.5,0.5,0,0,1,0,0.5,0.5,2,2,NA,NA,NA,NA,NA,NA,NA,NA,NA,NA,NA,NA,NA,NA,NA,NA,NA,NA,NA,NA,list(),NA
"Mopti_Socoura",0,0,0.333333333333333,0.666666666666667,1,1,0.333333333333333,0.666666666666667,0,1,0.333333333333333,0,1,0,0.333333333333333,1,3,3,NA,NA,NA,NA,NA,NA,NA,NA,NA,NA,NA,NA,NA,NA,NA,NA,NA,NA,NA,NA,list(),NA
"Mopti_Soye",0,0,0.666666666666667,1,0,1,0.333333333333333,1,0.333333333333333,0.666666666666667,0.333333333333333,0.666666666666667,NA,0,1,0.666666666666667,3,3,NA,NA,NA,NA,NA,NA,NA,NA,NA,NA,NA,NA,NA,NA,NA,NA,NA,NA,NA,NA,list(),NA
"Namentenga_Boala",0,0,0,0,1,0,0,0,0,1,1,0,0,0,0,1,3,5,NA,NA,NA,NA,NA,NA,NA,NA,NA,NA,NA,NA,NA,NA,NA,NA,NA,NA,NA,NA,list(),NA
"Namentenga_Boulsa",0,0,0,0,1,0,0,0,0.4,0.6,1,0,0.6,0,0,1,5,10,NA,NA,NA,NA,NA,NA,NA,NA,NA,NA,NA,NA,NA,NA,NA,NA,NA,NA,NA,NA,list(),NA
"Namentenga_Bouroum",0.4,0.6,0.4,0.8,1,0.8,0,0.8,0,1,1,0.4,0,0,0,0.4,5,7,NA,NA,NA,NA,NA,NA,NA,NA,NA,NA,NA,NA,NA,NA,NA,NA,NA,NA,NA,NA,list(),NA
"Namentenga_Dargo",0,0.2,0,0,1,0,0,0,0,1,1,0,0,0,0,1,5,7,NA,NA,NA,NA,NA,NA,NA,NA,NA,NA,NA,NA,NA,NA,NA,NA,NA,NA,NA,NA,list(),NA
"Namentenga_Nagbingou",0,0.5,0,1,1,0.5,0,0,0,1,1,1,1,0,0,1,2,2,NA,NA,NA,NA,NA,NA,NA,NA,NA,NA,NA,NA,NA,NA,NA,NA,NA,NA,NA,NA,list(),NA
"Namentenga_Tougouri",0.142857142857143,0.571428571428571,0.285714285714286,0.285714285714286,1,0.142857142857143,0,0.285714285714286,0,1,1,0.428571428571429,0.714285714285714,0,0.142857142857143,1,7,9,NA,NA,NA,NA,NA,NA,NA,NA,NA,NA,NA,NA,NA,NA,NA,NA,NA,NA,NA,NA,list(),NA
"Namentenga_Yalgo",0.5,0.75,0,0,1,0.25,0,0,0,1,1,0.25,0.75,0,0.25,1,4,5,NA,NA,NA,NA,NA,NA,NA,NA,NA,NA,NA,NA,NA,NA,NA,NA,NA,NA,NA,NA,list(),NA
"Namentenga_Zeguedeguin",0,0.25,0.5,0.25,1,0,0,0,0.5,0.5,1,0.25,0,0,0,1,4,6,NA,NA,NA,NA,NA,NA,NA,NA,NA,NA,NA,NA,NA,NA,NA,NA,NA,NA,NA,NA,list(),NA
"Niafunke_Banikane Narhawa",0,0,0,0,1,1,0,0.5,0,1,1,1,1,0,0,1,2,2,NA,NA,NA,NA,NA,NA,NA,NA,NA,NA,NA,NA,NA,NA,NA,NA,NA,NA,NA,NA,list(),NA
"Niafunke_Dianke",0,0,0.333333333333333,0.333333333333333,1,1,0,0.666666666666667,0,1,0.666666666666667,0.333333333333333,1,0,0.333333333333333,1,3,3,NA,NA,NA,NA,NA,NA,NA,NA,NA,NA,NA,NA,NA,NA,NA,NA,NA,NA,NA,NA,list(),NA
"Niafunke_Fittouga",0,0.5,0,0.5,1,1,0.5,1,0,1,1,0,1,0,0,1,2,2,NA,NA,NA,NA,NA,NA,NA,NA,NA,NA,NA,NA,NA,NA,NA,NA,NA,NA,NA,NA,list(),NA
"Niafunke_Koumaira",0,0.333333333333333,0,0.333333333333333,0.666666666666667,1,0.333333333333333,0,0,1,0.666666666666667,0,1,0,0.666666666666667,1,3,3,NA,NA,NA,NA,NA,NA,NA,NA,NA,NA,NA,NA,NA,NA,NA,NA,NA,NA,NA,NA,list(),NA
"Niafunke_Lere",0,0.333333333333333,0,0.666666666666667,0.333333333333333,1,0.333333333333333,1,0.333333333333333,0.666666666666667,0,0.333333333333333,1,0,0.666666666666667,0.666666666666667,3,3,NA,NA,NA,NA,NA,NA,NA,NA,NA,NA,NA,NA,NA,NA,NA,NA,NA,NA,NA,NA,list(),NA
"Niafunke_N'gorkou",0,0,0.5,0.5,1,1,0,0.5,0,1,1,1,1,0,0,1,2,2,NA,NA,NA,NA,NA,NA,NA,NA,NA,NA,NA,NA,NA,NA,NA,NA,NA,NA,NA,NA,list(),NA
"Niafunke_Souboundou",0.5,0.5,0,0,1,1,0,1,0,1,1,1,1,0,0,1,2,2,NA,NA,NA,NA,NA,NA,NA,NA,NA,NA,NA,NA,NA,NA,NA,NA,NA,NA,NA,NA,list(),NA
"Niafunke_Soumpi",0,0.5,0.5,0.5,1,1,0,1,0.5,0.5,1,0.5,1,0,0,0.5,2,3,NA,NA,NA,NA,NA,NA,NA,NA,NA,NA,NA,NA,NA,NA,NA,NA,NA,NA,NA,NA,list(),NA
"Ouallam_Dingazi",0,0,0.3,0.9,1,0.6,0,0.3,0.3,0.7,1,0.4,NA,0,0.4,0.5,10,17,NA,NA,NA,NA,NA,NA,NA,NA,NA,NA,NA,NA,NA,NA,NA,NA,NA,NA,NA,NA,list(),NA
"Ouallam_Ouallam",0.0588235294117647,0.0588235294117647,0.647058823529412,0.294117647058824,1,0.235294117647059,0,0,0.176470588235294,0.823529411764706,0.882352941176471,0.705882352941177,0.5,0.0588235294117647,0.529411764705882,0.470588235294118,17,26,NA,NA,NA,NA,NA,NA,NA,NA,NA,NA,NA,NA,NA,NA,NA,NA,NA,NA,NA,NA,list(),NA
"Ouallam_Simiri",0,0.0357142857142857,0.642857142857143,0.607142857142857,1,0.214285714285714,0,0.0357142857142857,0.0357142857142857,0.964285714285714,0.857142857142857,0.535714285714286,0.5,0.0357142857142857,0.5,0.642857142857143,28,38,NA,NA,NA,NA,NA,NA,NA,NA,NA,NA,NA,NA,NA,NA,NA,NA,NA,NA,NA,NA,list(),NA
"Ouallam_Tondikiwindi",0.238095238095238,0.238095238095238,0.761904761904762,0.571428571428571,1,0.476190476190476,0,0.19047619047619,0.142857142857143,0.857142857142857,0.952380952380952,0.380952380952381,0.857142857142857,0.0476190476190476,0.380952380952381,0.428571428571429,21,35,NA,NA,NA,NA,NA,NA,NA,NA,NA,NA,NA,NA,NA,NA,NA,NA,NA,NA,NA,NA,list(),NA
"Oudalan_Deou",0,0.666666666666667,1,0.666666666666667,1,0.666666666666667,0,1,0.333333333333333,0.666666666666667,1,0.666666666666667,0.333333333333333,0,0.666666666666667,0.666666666666667,3,4,NA,NA,NA,NA,NA,NA,NA,NA,NA,NA,NA,NA,NA,NA,NA,NA,NA,NA,NA,NA,list(),NA
"Oudalan_Gorom-Gorom",0.25,0.375,0.5,0.75,1,0.25,0,0.625,0.5,0.5,1,0.75,0.5,0.125,0.75,0.625,8,14,NA,NA,NA,NA,NA,NA,NA,NA,NA,NA,NA,NA,NA,NA,NA,NA,NA,NA,NA,NA,list(),NA
"Oudalan_Markoye",1,1,0,1,1,0.666666666666667,0,0.666666666666667,0,1,1,0.333333333333333,1,0,0.666666666666667,0.666666666666667,3,4,NA,NA,NA,NA,NA,NA,NA,NA,NA,NA,NA,NA,NA,NA,NA,NA,NA,NA,NA,NA,list(),NA
"Oudalan_Oursi",0,0.5,1,1,0.5,1,0.5,1,1,0,0.5,1,1,0,0.5,0.5,2,2,NA,NA,NA,NA,NA,NA,NA,NA,NA,NA,NA,NA,NA,NA,NA,NA,NA,NA,NA,NA,list(),NA
"Oudalan_Tin-Akoff",0.166666666666667,0.166666666666667,1,1,1,0.166666666666667,1,1,1,0,0.166666666666667,0.833333333333333,0.333333333333333,0,0.5,0.166666666666667,6,9,NA,NA,NA,NA,NA,NA,NA,NA,NA,NA,NA,NA,NA,NA,NA,NA,NA,NA,NA,NA,list(),NA
"Passore_Arbole",0,0.111111111111111,0.222222222222222,0,1,0.111111111111111,0,0,0.333333333333333,0.666666666666667,1,0.111111111111111,0.625,0,0.444444444444444,1,9,9,NA,NA,NA,NA,NA,NA,NA,NA,NA,NA,NA,NA,NA,NA,NA,NA,NA,NA,NA,NA,list(),NA
"Passore_Bagare",0,0,0.5,0,1,0,0,0,0,1,1,0.25,1,0,0.75,1,4,5,NA,NA,NA,NA,NA,NA,NA,NA,NA,NA,NA,NA,NA,NA,NA,NA,NA,NA,NA,NA,list(),NA
"Passore_Bokin",0,0,0.666666666666667,0,1,0,0,0,0,1,1,0.666666666666667,0.5,0,0.666666666666667,1,3,3,NA,NA,NA,NA,NA,NA,NA,NA,NA,NA,NA,NA,NA,NA,NA,NA,NA,NA,NA,NA,list(),NA
"Passore_Gomponson",0.333333333333333,0.333333333333333,0,0,1,0,0,0,0.666666666666667,0.333333333333333,1,1,1,0,0.666666666666667,1,3,3,NA,NA,NA,NA,NA,NA,NA,NA,NA,NA,NA,NA,NA,NA,NA,NA,NA,NA,NA,NA,list(),NA
"Passore_Kirsi",0,0,0.333333333333333,0,1,0.333333333333333,0,0,0.666666666666667,0.333333333333333,1,0.666666666666667,0.5,0,0.333333333333333,1,3,3,NA,NA,NA,NA,NA,NA,NA,NA,NA,NA,NA,NA,NA,NA,NA,NA,NA,NA,NA,NA,list(),NA
"Passore_La-Todin",0,0,0.25,0,1,0.25,0,0,0.25,0.75,1,0,1,0,0.25,1,4,4,NA,NA,NA,NA,NA,NA,NA,NA,NA,NA,NA,NA,NA,NA,NA,NA,NA,NA,NA,NA,list(),NA
"Passore_Pilimpikou",0,0,0.25,0,1,0,0,0,0.5,0.5,1,0.75,NA,0,0.25,1,4,4,NA,NA,NA,NA,NA,NA,NA,NA,NA,NA,NA,NA,NA,NA,NA,NA,NA,NA,NA,NA,list(),NA
"Passore_Samba",0,0,0,0,1,0,0,0,0,1,1,0,1,0,0,1,2,2,NA,NA,NA,NA,NA,NA,NA,NA,NA,NA,NA,NA,NA,NA,NA,NA,NA,NA,NA,NA,list(),NA
"Passore_Yako",0.153846153846154,0.230769230769231,0.461538461538462,0.0769230769230769,1,0.0769230769230769,0,0,0.0769230769230769,0.923076923076923,1,0.615384615384615,0.428571428571429,0.0769230769230769,0.538461538461538,0.923076923076923,13,13,NA,NA,NA,NA,NA,NA,NA,NA,NA,NA,NA,NA,NA,NA,NA,NA,NA,NA,NA,NA,list(),NA
"Sanmatenga_Barsalogho",0,0,0.777777777777778,0.555555555555556,0.888888888888889,0.333333333333333,0.222222222222222,0.555555555555556,0.111111111111111,0.888888888888889,0.777777777777778,0.555555555555556,0.666666666666667,0,0.333333333333333,0.888888888888889,9,16,NA,NA,NA,NA,NA,NA,NA,NA,NA,NA,NA,NA,NA,NA,NA,NA,NA,NA,NA,NA,list(),NA
"Sanmatenga_Boussouma",0,0.25,0,0,1,0,0,0,0,1,1,0.375,0.125,0,0,1,8,14,NA,NA,NA,NA,NA,NA,NA,NA,NA,NA,NA,NA,NA,NA,NA,NA,NA,NA,NA,NA,list(),NA
"Sanmatenga_Dablo",0,0,1,1,1,1,0,1,1,0,1,1,1,0,1,0,1,3,NA,NA,NA,NA,NA,NA,NA,NA,NA,NA,NA,NA,NA,NA,NA,NA,NA,NA,NA,NA,list(),NA
"Sanmatenga_Kaya",0.166666666666667,0.166666666666667,0,0,1,0,0,0,0,1,1,0,0.333333333333333,0,0.166666666666667,1,6,13,NA,NA,NA,NA,NA,NA,NA,NA,NA,NA,NA,NA,NA,NA,NA,NA,NA,NA,NA,NA,list(),NA
"Sanmatenga_Korsimoro",0,0,0,0,1,0.25,0,0,0,1,1,0.25,0.25,0,0,1,4,5,NA,NA,NA,NA,NA,NA,NA,NA,NA,NA,NA,NA,NA,NA,NA,NA,NA,NA,NA,NA,list(),NA
"Sanmatenga_Mane",0,0,0,0,1,0,0,0,0,1,1,0.142857142857143,0.428571428571429,0,0,1,7,12,NA,NA,NA,NA,NA,NA,NA,NA,NA,NA,NA,NA,NA,NA,NA,NA,NA,NA,NA,NA,list(),NA
"Sanmatenga_Namissigma",0,0,1,1,1,0.5,0.5,1,0,1,1,1,0.5,0,0.5,0.5,2,4,NA,NA,NA,NA,NA,NA,NA,NA,NA,NA,NA,NA,NA,NA,NA,NA,NA,NA,NA,NA,list(),NA
"Sanmatenga_Pensa",0,0.25,0.75,0.75,0.875,0.375,0.375,1,0.25,0.75,0.875,0.375,0.4,0,0.5,0.875,8,11,NA,NA,NA,NA,NA,NA,NA,NA,NA,NA,NA,NA,NA,NA,NA,NA,NA,NA,NA,NA,list(),NA
"Sanmatenga_Pibaore",0,0,0,0,1,0,0,0,0,1,1,0.25,0.75,0,0,1,4,4,NA,NA,NA,NA,NA,NA,NA,NA,NA,NA,NA,NA,NA,NA,NA,NA,NA,NA,NA,NA,list(),NA
"Sanmatenga_Pissila",0,0.285714285714286,0.142857142857143,0.142857142857143,1,0.285714285714286,0.142857142857143,0.285714285714286,0.142857142857143,0.857142857142857,1,0.714285714285714,0.428571428571429,0,0.571428571428571,1,7,10,NA,NA,NA,NA,NA,NA,NA,NA,NA,NA,NA,NA,NA,NA,NA,NA,NA,NA,NA,NA,list(),NA
"Sanmatenga_Ziga",0,0,0,0,1,0,0,0,0,1,1,0.4,0.2,0,0.2,1,5,9,NA,NA,NA,NA,NA,NA,NA,NA,NA,NA,NA,NA,NA,NA,NA,NA,NA,NA,NA,NA,list(),NA
"Say_Ouro Gueladjo",0,0,0,0.714285714285714,1,0,0,0,0,1,0.857142857142857,0.428571428571429,NA,0,0.428571428571429,0.857142857142857,7,7,NA,NA,NA,NA,NA,NA,NA,NA,NA,NA,NA,NA,NA,NA,NA,NA,NA,NA,NA,NA,list(),NA
"Say_Say",0,0,0.3,0.3,1,0,0,0.1,0.1,0.9,1,0.2,NA,0.2,0.3,1,10,20,NA,NA,NA,NA,NA,NA,NA,NA,NA,NA,NA,NA,NA,NA,NA,NA,NA,NA,NA,NA,list(),NA
"Say_Tamou",0,0,0.25,0.375,1,0,0.0625,0,0,1,0.875,0.4375,NA,0,0.0625,0.8125,16,27,NA,NA,NA,NA,NA,NA,NA,NA,NA,NA,NA,NA,NA,NA,NA,NA,NA,NA,NA,NA,list(),NA
"Seno_Bani",0,0.2,0.6,0.4,1,0.4,0,0.8,0.4,0.6,1,0.4,0.666666666666667,0,0,0.6,5,5,NA,NA,NA,NA,NA,NA,NA,NA,NA,NA,NA,NA,NA,NA,NA,NA,NA,NA,NA,NA,list(),NA
"Seno_Dori",0.285714285714286,0.428571428571429,0.357142857142857,0.357142857142857,1,0.357142857142857,0,0.571428571428571,0.142857142857143,0.857142857142857,1,0.642857142857143,0.571428571428571,0,0.214285714285714,0.928571428571429,14,19,NA,NA,NA,NA,NA,NA,NA,NA,NA,NA,NA,NA,NA,NA,NA,NA,NA,NA,NA,NA,list(),NA
"Seno_Falagountou",0,0,0,0,1,0,0,0,0.5,0.5,1,0.5,0,0,0,1,2,4,NA,NA,NA,NA,NA,NA,NA,NA,NA,NA,NA,NA,NA,NA,NA,NA,NA,NA,NA,NA,list(),NA
"Seno_Gorgadji",0,0.375,0.875,1,1,1,0,1,0.125,0.875,1,0.625,1,0,0.625,0.875,8,9,NA,NA,NA,NA,NA,NA,NA,NA,NA,NA,NA,NA,NA,NA,NA,NA,NA,NA,NA,NA,list(),NA
"Seno_Sampelga",0,0,0,0,1,0,0,0,0,1,1,0,1,0,0,0,1,1,NA,NA,NA,NA,NA,NA,NA,NA,NA,NA,NA,NA,NA,NA,NA,NA,NA,NA,NA,NA,list(),NA
"Seno_Seytenga",1,1,0.5,0.5,1,0.5,0,0.5,0,1,1,1,1,0,0,1,2,4,NA,NA,NA,NA,NA,NA,NA,NA,NA,NA,NA,NA,NA,NA,NA,NA,NA,NA,NA,NA,list(),NA
"Soum_Arbinda",0.142857142857143,0.428571428571429,0.571428571428571,0.714285714285714,0.714285714285714,0.714285714285714,0.428571428571429,0.857142857142857,0.142857142857143,0.857142857142857,0.571428571428571,0.571428571428571,0.666666666666667,0,0.714285714285714,0.857142857142857,7,8,NA,NA,NA,NA,NA,NA,NA,NA,NA,NA,NA,NA,NA,NA,NA,NA,NA,NA,NA,NA,list(),NA
"Soum_Baraboule",0,0,0.6,0.6,0.8,0.4,0.6,1,0.4,0.6,0.8,0.4,0.666666666666667,0,0.4,1,5,6,NA,NA,NA,NA,NA,NA,NA,NA,NA,NA,NA,NA,NA,NA,NA,NA,NA,NA,NA,NA,list(),NA
"Soum_Diguel",0,0,0,0,1,0,0,1,0,1,1,0.333333333333333,0,0,0,1,3,3,NA,NA,NA,NA,NA,NA,NA,NA,NA,NA,NA,NA,NA,NA,NA,NA,NA,NA,NA,NA,list(),NA
"Soum_Djibo",0,0,0.666666666666667,0.5,1,0.666666666666667,0,0.666666666666667,0.666666666666667,0.333333333333333,1,0.5,0.5,0,0.5,0.666666666666667,6,8,NA,NA,NA,NA,NA,NA,NA,NA,NA,NA,NA,NA,NA,NA,NA,NA,NA,NA,NA,NA,list(),NA
"Soum_Kelbo",0,0.333333333333333,0.666666666666667,0.666666666666667,1,0.666666666666667,0.333333333333333,1,0,1,1,0.333333333333333,0,0,0.666666666666667,1,3,4,NA,NA,NA,NA,NA,NA,NA,NA,NA,NA,NA,NA,NA,NA,NA,NA,NA,NA,NA,NA,list(),NA
"Soum_Koutougou",0,0,1,1,1,0,0,1,0,1,1,0.5,0,0,0,1,2,2,NA,NA,NA,NA,NA,NA,NA,NA,NA,NA,NA,NA,NA,NA,NA,NA,NA,NA,NA,NA,list(),NA
"Soum_Nassoumbou",0,0,0.75,0,1,0,0,1,0,1,0.75,0,0,0,0,1,4,4,NA,NA,NA,NA,NA,NA,NA,NA,NA,NA,NA,NA,NA,NA,NA,NA,NA,NA,NA,NA,list(),NA
"Soum_Pobe-Mangao",0,0,1,0.5,1,0.5,0.5,1,1,0,0,1,0,0,0.5,0.5,2,4,NA,NA,NA,NA,NA,NA,NA,NA,NA,NA,NA,NA,NA,NA,NA,NA,NA,NA,NA,NA,list(),NA
"Soum_Tongomayel",0,0,0.833333333333333,1,0.666666666666667,0.5,0.333333333333333,1,0.5,0.5,0.666666666666667,0.333333333333333,0.666666666666667,0,0.5,0.5,6,9,NA,NA,NA,NA,NA,NA,NA,NA,NA,NA,NA,NA,NA,NA,NA,NA,NA,NA,NA,NA,list(),NA
"Tapoa_Botou",0,0,0.0833333333333333,0.333333333333333,1,0.666666666666667,0.0833333333333333,1,0.0833333333333333,0.916666666666667,0.916666666666667,0.25,1,0,1,0.583333333333333,12,14,NA,NA,NA,NA,NA,NA,NA,NA,NA,NA,NA,NA,NA,NA,NA,NA,NA,NA,NA,NA,list(),NA
"Tapoa_Diapaga",0.25,0.375,0,0,1,0.375,0,0.25,0.125,0.875,1,0.875,0,0,0.25,1,8,10,NA,NA,NA,NA,NA,NA,NA,NA,NA,NA,NA,NA,NA,NA,NA,NA,NA,NA,NA,NA,list(),NA
"Tapoa_Kantchari",0,0.125,0.125,0.25,0.9375,0.5625,0.125,0.6875,0,1,0.8125,0.9375,1,0,0.6875,0.3125,16,21,NA,NA,NA,NA,NA,NA,NA,NA,NA,NA,NA,NA,NA,NA,NA,NA,NA,NA,NA,NA,list(),NA
"Tapoa_Logobou",0,0.333333333333333,0.666666666666667,0.333333333333333,1,1,0,1,0.166666666666667,0.833333333333333,0.833333333333333,1,1,0.166666666666667,0.5,0.666666666666667,6,7,NA,NA,NA,NA,NA,NA,NA,NA,NA,NA,NA,NA,NA,NA,NA,NA,NA,NA,NA,NA,list(),NA
"Tapoa_Namounou",0,0,0,0,1,0,0,0,0,1,1,0,NA,0,1,1,2,2,NA,NA,NA,NA,NA,NA,NA,NA,NA,NA,NA,NA,NA,NA,NA,NA,NA,NA,NA,NA,list(),NA
"Tapoa_Partiaga",0,0,0,0,1,0.4,0,0.2,0.4,0.6,1,0.2,0,0,1,1,5,7,NA,NA,NA,NA,NA,NA,NA,NA,NA,NA,NA,NA,NA,NA,NA,NA,NA,NA,NA,NA,list(),NA
"Tapoa_Tambaga",0.125,0.25,0,0.25,1,0.125,0,0.375,0.125,0.875,1,0.375,0,0,1,1,8,10,NA,NA,NA,NA,NA,NA,NA,NA,NA,NA,NA,NA,NA,NA,NA,NA,NA,NA,NA,NA,list(),NA
"Tapoa_Tansarga",0.25,0.25,0,0,1,0.5,0,1,0,1,1,0.5,0,0,0.75,1,4,4,NA,NA,NA,NA,NA,NA,NA,NA,NA,NA,NA,NA,NA,NA,NA,NA,NA,NA,NA,NA,list(),NA
"Tassara_Tassara",0.173913043478261,0.173913043478261,0.608695652173913,0.478260869565217,0.391304347826087,0.652173913043478,0.434782608695652,0.260869565217391,0.478260869565217,0.521739130434783,0.565217391304348,0.434782608695652,0.166666666666667,0,0.565217391304348,0.434782608695652,23,35,NA,NA,NA,NA,NA,NA,NA,NA,NA,NA,NA,NA,NA,NA,NA,NA,NA,NA,NA,NA,list(),NA
"Tenenkou_Diafarabe",0,0.333333333333333,0,0,1,1,0,1,0,1,0.666666666666667,0,0.666666666666667,0,0,1,3,3,NA,NA,NA,NA,NA,NA,NA,NA,NA,NA,NA,NA,NA,NA,NA,NA,NA,NA,NA,NA,list(),NA
"Tenenkou_Diaka",0,0.333333333333333,0.333333333333333,0.333333333333333,1,1,0,1,0,1,1,0.666666666666667,1,0,0,1,3,3,NA,NA,NA,NA,NA,NA,NA,NA,NA,NA,NA,NA,NA,NA,NA,NA,NA,NA,NA,NA,list(),NA
"Tenenkou_Diondori",0,0,0,0,1,1,0.333333333333333,1,0,1,1,0.666666666666667,1,0,0,1,3,3,NA,NA,NA,NA,NA,NA,NA,NA,NA,NA,NA,NA,NA,NA,NA,NA,NA,NA,NA,NA,list(),NA
"Tenenkou_Kareri",0,0,0.666666666666667,0.666666666666667,0.666666666666667,1,0.333333333333333,1,0,1,0.666666666666667,0,1,0,0.333333333333333,1,3,3,NA,NA,NA,NA,NA,NA,NA,NA,NA,NA,NA,NA,NA,NA,NA,NA,NA,NA,NA,NA,list(),NA
"Tenenkou_Ouro Ardo",0,0,0.333333333333333,0.333333333333333,0.666666666666667,1,0.666666666666667,1,0,1,0.333333333333333,0,NA,0,0.333333333333333,1,3,3,NA,NA,NA,NA,NA,NA,NA,NA,NA,NA,NA,NA,NA,NA,NA,NA,NA,NA,NA,NA,list(),NA
"Tenenkou_Ouro Guire",0,0,0.75,0.5,0.5,1,0.5,1,0,1,0.25,0.75,1,0,0.25,0.75,4,4,NA,NA,NA,NA,NA,NA,NA,NA,NA,NA,NA,NA,NA,NA,NA,NA,NA,NA,NA,NA,list(),NA
"Tenenkou_Sougoulbe",0,0,0.5,0.5,1,1,0.5,1,0,1,1,0,1,0,0.5,1,2,3,NA,NA,NA,NA,NA,NA,NA,NA,NA,NA,NA,NA,NA,NA,NA,NA,NA,NA,NA,NA,list(),NA
"Tenenkou_Tenenkou Commune",0,0.333333333333333,0.333333333333333,0.333333333333333,1,1,0,1,0,1,1,0,0.333333333333333,0,0,1,3,3,NA,NA,NA,NA,NA,NA,NA,NA,NA,NA,NA,NA,NA,NA,NA,NA,NA,NA,NA,NA,list(),NA
"Tenenkou_Togoro Kotia",0,0.25,0.25,0.25,1,1,0,0.75,0,1,1,0.25,0.666666666666667,0,0,1,4,4,NA,NA,NA,NA,NA,NA,NA,NA,NA,NA,NA,NA,NA,NA,NA,NA,NA,NA,NA,NA,list(),NA
"Tenenkou_Toguere-Coumbe",0.333333333333333,0.333333333333333,0.666666666666667,0.333333333333333,0.666666666666667,1,0.666666666666667,1,0.333333333333333,0.666666666666667,0.666666666666667,1,1,0,0.333333333333333,0.666666666666667,3,3,NA,NA,NA,NA,NA,NA,NA,NA,NA,NA,NA,NA,NA,NA,NA,NA,NA,NA,NA,NA,list(),NA
"Tera_Diagourou",0,0,0.444444444444444,0.333333333333333,1,0.333333333333333,0,0.333333333333333,0.333333333333333,0.666666666666667,0.777777777777778,0.444444444444444,NA,0,0.444444444444444,0.666666666666667,9,22,NA,NA,NA,NA,NA,NA,NA,NA,NA,NA,NA,NA,NA,NA,NA,NA,NA,NA,NA,NA,list(),NA
"Tera_Gorouol",0,0,0.666666666666667,0.888888888888889,1,0.555555555555556,0,0.222222222222222,0.111111111111111,0.888888888888889,0.888888888888889,0.333333333333333,NA,0,0.333333333333333,0.555555555555556,9,14,NA,NA,NA,NA,NA,NA,NA,NA,NA,NA,NA,NA,NA,NA,NA,NA,NA,NA,NA,NA,list(),NA
"Tera_Kokorou",0,0,0.35,0.25,1,0.1,0,0.05,0.1,0.9,0.65,0.6,NA,0.1,0.25,0.9,20,33,NA,NA,NA,NA,NA,NA,NA,NA,NA,NA,NA,NA,NA,NA,NA,NA,NA,NA,NA,NA,list(),NA
"Tera_Mehana",0,0,0.5,0.428571428571429,1,0.0714285714285714,0,0,0.5,0.5,1,0.357142857142857,NA,0,0.857142857142857,0.785714285714286,14,28,NA,NA,NA,NA,NA,NA,NA,NA,NA,NA,NA,NA,NA,NA,NA,NA,NA,NA,NA,NA,list(),NA
"Tera_Tera",0,0.0833333333333333,0.75,0.583333333333333,1,0.416666666666667,0,0.166666666666667,0.166666666666667,0.833333333333333,1,0.75,1,0.0833333333333333,0.583333333333333,0.75,12,27,NA,NA,NA,NA,NA,NA,NA,NA,NA,NA,NA,NA,NA,NA,NA,NA,NA,NA,NA,NA,list(),NA
"Tidermene_tidermene",0.222222222222222,0.555555555555556,0.666666666666667,0.666666666666667,0.333333333333333,0.777777777777778,0.888888888888889,0.777777777777778,0.444444444444444,0.555555555555556,0.111111111111111,0.777777777777778,0.8,0,0.888888888888889,0,9,10,NA,NA,NA,NA,NA,NA,NA,NA,NA,NA,NA,NA,NA,NA,NA,NA,NA,NA,NA,NA,list(),NA
"Tillaberi_Anzourou",0,0,0.666666666666667,0.333333333333333,1,0.666666666666667,0,0.444444444444444,0.222222222222222,0.777777777777778,0.777777777777778,0.666666666666667,NA,0,0.444444444444444,0.333333333333333,9,12,NA,NA,NA,NA,NA,NA,NA,NA,NA,NA,NA,NA,NA,NA,NA,NA,NA,NA,NA,NA,list(),NA
"Tillaberi_Bibiyergou",0,0.25,0.25,0,1,0.5,0,0,0.25,0.75,1,0.75,1,0,0.25,0,4,7,NA,NA,NA,NA,NA,NA,NA,NA,NA,NA,NA,NA,NA,NA,NA,NA,NA,NA,NA,NA,list(),NA
"Tillaberi_Dessa",0,0,0.25,0,1,0,0,0,0.25,0.75,1,0.25,0,0.25,1,0.75,4,6,NA,NA,NA,NA,NA,NA,NA,NA,NA,NA,NA,NA,NA,NA,NA,NA,NA,NA,NA,NA,list(),NA
"Tillaberi_Kourteye",0,0,0.352941176470588,0.235294117647059,1,0,0,0,0.294117647058824,0.705882352941177,0.882352941176471,0.294117647058824,NA,0,0.411764705882353,0.588235294117647,17,27,NA,NA,NA,NA,NA,NA,NA,NA,NA,NA,NA,NA,NA,NA,NA,NA,NA,NA,NA,NA,list(),NA
"Tillaberi_Sakoira",0,0,0.666666666666667,0.25,1,0.166666666666667,0,0.0833333333333333,0.5,0.5,0.916666666666667,0.583333333333333,0.5,0,0.833333333333333,0.75,12,24,NA,NA,NA,NA,NA,NA,NA,NA,NA,NA,NA,NA,NA,NA,NA,NA,NA,NA,NA,NA,list(),NA
"Tillaberi_Sinder",0,0,0.375,0.125,1,0.375,0,0,0.25,0.75,1,0,NA,0,0.5,0.875,8,12,NA,NA,NA,NA,NA,NA,NA,NA,NA,NA,NA,NA,NA,NA,NA,NA,NA,NA,NA,NA,list(),NA
"Tillaberi_Tillaberi",0,0,0.416666666666667,0.125,1,0,0,0,0.375,0.625,0.916666666666667,0.291666666666667,0.666666666666667,0,0.416666666666667,0.833333333333333,24,43,NA,NA,NA,NA,NA,NA,NA,NA,NA,NA,NA,NA,NA,NA,NA,NA,NA,NA,NA,NA,list(),NA
"Tillia_Tillia",0.0357142857142857,0.0714285714285714,0.857142857142857,0.857142857142857,0.892857142857143,0.392857142857143,0.142857142857143,0.25,0.321428571428571,0.678571428571429,0.714285714285714,0.75,0.333333333333333,0.0357142857142857,0.571428571428571,0.392857142857143,28,43,NA,NA,NA,NA,NA,NA,NA,NA,NA,NA,NA,NA,NA,NA,NA,NA,NA,NA,NA,NA,list(),NA
"Tombouctou_Alafia",0,0,0.666666666666667,0.666666666666667,0.666666666666667,0.333333333333333,0,0.666666666666667,0,1,0.666666666666667,0,0,0,0.666666666666667,0.666666666666667,3,3,NA,NA,NA,NA,NA,NA,NA,NA,NA,NA,NA,NA,NA,NA,NA,NA,NA,NA,NA,NA,list(),NA
"Tombouctou_Ber",0,0,0.666666666666667,0.666666666666667,0,1,0.666666666666667,1,0.666666666666667,0.333333333333333,0,0.333333333333333,NA,0,1,0,3,3,NA,NA,NA,NA,NA,NA,NA,NA,NA,NA,NA,NA,NA,NA,NA,NA,NA,NA,NA,NA,list(),NA
"Tombouctou_Bourem Inaly",0,0,0,0,1,0,0,1,0,1,1,0,0,0,0,0.5,2,2,NA,NA,NA,NA,NA,NA,NA,NA,NA,NA,NA,NA,NA,NA,NA,NA,NA,NA,NA,NA,list(),NA
"Tombouctou_Lafia",0,0,0.333333333333333,0.333333333333333,0.666666666666667,0.666666666666667,0.666666666666667,1,0.666666666666667,0.333333333333333,0.333333333333333,0.333333333333333,NA,0,0.666666666666667,0,3,3,NA,NA,NA,NA,NA,NA,NA,NA,NA,NA,NA,NA,NA,NA,NA,NA,NA,NA,NA,NA,list(),NA
"Tombouctou_Salam",0,0,1,1,1,1,0,1,0,1,0,0,NA,0,1,0,1,1,NA,NA,NA,NA,NA,NA,NA,NA,NA,NA,NA,NA,NA,NA,NA,NA,NA,NA,NA,NA,list(),NA
"Tombouctou_Tombouctou",0,0.666666666666667,0,0,1,0.333333333333333,0,1,0,1,0.666666666666667,0,0,0,0,0.333333333333333,3,3,NA,NA,NA,NA,NA,NA,NA,NA,NA,NA,NA,NA,NA,NA,NA,NA,NA,NA,NA,NA,list(),NA
"Torodi_Makalondi",0,0.125,0.375,0.25,1,0.125,0,0.125,0,1,0.625,0.375,0.75,0,0.125,0.875,8,9,NA,NA,NA,NA,NA,NA,NA,NA,NA,NA,NA,NA,NA,NA,NA,NA,NA,NA,NA,NA,list(),NA
"Torodi_Torodi",0,0,0.5,0.416666666666667,1,0.333333333333333,0,0,0.0833333333333333,0.916666666666667,0.916666666666667,0.333333333333333,1,0,0.333333333333333,1,12,19,NA,NA,NA,NA,NA,NA,NA,NA,NA,NA,NA,NA,NA,NA,NA,NA,NA,NA,NA,NA,list(),NA
"Yagha_Boundore",0.333333333333333,0.666666666666667,0.333333333333333,0.666666666666667,1,0,0,1,0,1,1,0.666666666666667,0.666666666666667,0,0.666666666666667,1,3,3,NA,NA,NA,NA,NA,NA,NA,NA,NA,NA,NA,NA,NA,NA,NA,NA,NA,NA,NA,NA,list(),NA
"Yagha_Mansila",0.5,0.5,0.5,0.5,1,0.5,0,1,0,1,1,0.5,0,0,0.5,0.5,2,3,NA,NA,NA,NA,NA,NA,NA,NA,NA,NA,NA,NA,NA,NA,NA,NA,NA,NA,NA,NA,list(),NA
"Yagha_Sebba",0.4,0.6,0.8,1,1,0.8,0,0.8,0.6,0.4,1,1,0.8,0,0.4,0.6,5,7,NA,NA,NA,NA,NA,NA,NA,NA,NA,NA,NA,NA,NA,NA,NA,NA,NA,NA,NA,NA,list(),NA
"Yagha_Solhan",0,0.25,0.75,0.75,1,0.75,0,1,0.5,0.5,1,0.75,0.666666666666667,0,0.5,0.75,4,5,NA,NA,NA,NA,NA,NA,NA,NA,NA,NA,NA,NA,NA,NA,NA,NA,NA,NA,NA,NA,list(),NA
"Yagha_Tankougounadie",0.333333333333333,0.666666666666667,0.666666666666667,1,1,1,0,1,0.333333333333333,0.666666666666667,1,1,1,0,1,0,3,3,NA,NA,NA,NA,NA,NA,NA,NA,NA,NA,NA,NA,NA,NA,NA,NA,NA,NA,NA,NA,list(),NA
"Yagha_Titabe",0,0,0.666666666666667,0.833333333333333,0.833333333333333,0.5,0.166666666666667,1,0.5,0.5,1,0.833333333333333,0.6,0,0.5,0.833333333333333,6,8,NA,NA,NA,NA,NA,NA,NA,NA,NA,NA,NA,NA,NA,NA,NA,NA,NA,NA,NA,NA,list(),NA
"Yatenga_Barga",0.8,0.8,0.8,1,0.4,1,0.4,0.6,0.8,0.2,0.6,1,0.75,0,0.6,0.8,5,5,NA,NA,NA,NA,NA,NA,NA,NA,NA,NA,NA,NA,NA,NA,NA,NA,NA,NA,NA,NA,list(),NA
"Yatenga_Kain",0,0,1,1,0,1,0,1,0,1,1,0.5,1,0,1,1,4,4,NA,NA,NA,NA,NA,NA,NA,NA,NA,NA,NA,NA,NA,NA,NA,NA,NA,NA,NA,NA,list(),NA
"Yatenga_Kalsaka",0.1,0.2,0.1,0.1,1,0.2,0,0,0.2,0.8,1,0.2,0.5,0,0.2,0.9,10,10,NA,NA,NA,NA,NA,NA,NA,NA,NA,NA,NA,NA,NA,NA,NA,NA,NA,NA,NA,NA,list(),NA
"Yatenga_Kossouka",0.333333333333333,0.333333333333333,0.666666666666667,0,1,0.666666666666667,0,0,0.333333333333333,0.666666666666667,1,0.333333333333333,1,0,1,1,3,3,NA,NA,NA,NA,NA,NA,NA,NA,NA,NA,NA,NA,NA,NA,NA,NA,NA,NA,NA,NA,list(),NA
"Yatenga_Koumbri",0.2,0.4,0.8,1,0.4,1,0.6,1,0.8,0.2,0.4,0.4,1,0.2,1,0.8,5,6,NA,NA,NA,NA,NA,NA,NA,NA,NA,NA,NA,NA,NA,NA,NA,NA,NA,NA,NA,NA,list(),NA
"Yatenga_Namissiguima",0,0,0.142857142857143,0.285714285714286,1,0.428571428571429,0,0,0.428571428571429,0.571428571428571,1,0.142857142857143,0.4,0,0,1,7,7,NA,NA,NA,NA,NA,NA,NA,NA,NA,NA,NA,NA,NA,NA,NA,NA,NA,NA,NA,NA,list(),NA
"Yatenga_Ouahigouya",0.6,0.7,0.5,0.2,1,0.3,0,0,0.5,0.5,1,0.3,0.7,0,0.3,1,10,10,NA,NA,NA,NA,NA,NA,NA,NA,NA,NA,NA,NA,NA,NA,NA,NA,NA,NA,NA,NA,list(),NA
"Yatenga_Oula",0,0,0,0,1,0.222222222222222,0,0,0.222222222222222,0.777777777777778,1,0,0.428571428571429,0,0.222222222222222,1,9,9,NA,NA,NA,NA,NA,NA,NA,NA,NA,NA,NA,NA,NA,NA,NA,NA,NA,NA,NA,NA,list(),NA
"Yatenga_Rambo",0,0,0,0,1,0.25,0,0,0.25,0.75,1,0,0.666666666666667,0,0.5,1,4,4,NA,NA,NA,NA,NA,NA,NA,NA,NA,NA,NA,NA,NA,NA,NA,NA,NA,NA,NA,NA,list(),NA
"Yatenga_Seguenega",0.2,0.4,0.6,0,1,0.2,0,0,0.2,0.8,1,0.2,0.6,0.2,0.6,0.8,5,6,NA,NA,NA,NA,NA,NA,NA,NA,NA,NA,NA,NA,NA,NA,NA,NA,NA,NA,NA,NA,list(),NA
"Yatenga_Tangaye",0,0,0.6,0.8,0.8,0.8,0.2,1,0.4,0.6,0.8,0.4,1,0.2,0.6,1,5,5,NA,NA,NA,NA,NA,NA,NA,NA,NA,NA,NA,NA,NA,NA,NA,NA,NA,NA,NA,NA,list(),NA
"Yatenga_Thiou",0.111111111111111,0.333333333333333,0.888888888888889,1,0.777777777777778,1,0.111111111111111,0.777777777777778,0.444444444444444,0.555555555555556,0.888888888888889,0.333333333333333,0.833333333333333,0,0.888888888888889,0.888888888888889,9,9,NA,NA,NA,NA,NA,NA,NA,NA,NA,NA,NA,NA,NA,NA,NA,NA,NA,NA,NA,NA,list(),NA
"Yatenga_Zogore",0.25,0.5,0.5,0.5,0.75,0.5,0,0.25,0.25,0.75,1,0,0.5,0,0.5,1,4,4,NA,NA,NA,NA,NA,NA,NA,NA,NA,NA,NA,NA,NA,NA,NA,NA,NA,NA,NA,NA,list(),NA
"Youwarou_Bimbere Tama",0,0.333333333333333,0.666666666666667,1,0.333333333333333,1,0.333333333333333,0.666666666666667,0,1,0.666666666666667,0,1,0,0,1,3,3,NA,NA,NA,NA,NA,NA,NA,NA,NA,NA,NA,NA,NA,NA,NA,NA,NA,NA,NA,NA,list(),NA
"Youwarou_Deboye",0,0.333333333333333,0,0.333333333333333,0.333333333333333,1,1,1,0,1,0,0.333333333333333,1,0,0,0.666666666666667,3,3,NA,NA,NA,NA,NA,NA,NA,NA,NA,NA,NA,NA,NA,NA,NA,NA,NA,NA,NA,NA,list(),NA
"Youwarou_Dirma",0,0,0.333333333333333,0.333333333333333,0.666666666666667,1,0.333333333333333,1,0,1,0,0,NA,0,0.333333333333333,1,3,3,NA,NA,NA,NA,NA,NA,NA,NA,NA,NA,NA,NA,NA,NA,NA,NA,NA,NA,NA,NA,list(),NA
"Youwarou_Dongo",0,0,0.666666666666667,1,0.333333333333333,1,0,1,0,1,0.666666666666667,0,NA,0,0,1,3,3,NA,NA,NA,NA,NA,NA,NA,NA,NA,NA,NA,NA,NA,NA,NA,NA,NA,NA,NA,NA,list(),NA
"Youwarou_Farimake",0.333333333333333,0.666666666666667,0,0.333333333333333,0.666666666666667,1,0.333333333333333,0.333333333333333,0,1,0.666666666666667,0.333333333333333,1,0,0,0.666666666666667,3,3,NA,NA,NA,NA,NA,NA,NA,NA,NA,NA,NA,NA,NA,NA,NA,NA,NA,NA,NA,NA,list(),NA
"Youwarou_N'dodjiga",0,0.333333333333333,0,0.666666666666667,0.333333333333333,1,0,1,0,1,0.666666666666667,0,1,0,0.333333333333333,1,3,3,NA,NA,NA,NA,NA,NA,NA,NA,NA,NA,NA,NA,NA,NA,NA,NA,NA,NA,NA,NA,list(),NA
"Youwarou_Youwarou",0,0,0.666666666666667,0.666666666666667,0.333333333333333,1,0.333333333333333,0.333333333333333,0,1,0.666666666666667,0.333333333333333,1,0,0.333333333333333,1,3,3,NA,NA,NA,NA,NA,NA,NA,NA,NA,NA,NA,NA,NA,NA,NA,NA,NA,NA,NA,NA,list(),NA
"Zondoma_Bassi",0,0,0.5,0,1,0,0,0,0,1,1,0,1,0,0.25,1,4,4,NA,NA,NA,NA,NA,NA,NA,NA,NA,NA,NA,NA,NA,NA,NA,NA,NA,NA,NA,NA,list(),NA
"Zondoma_Boussou",0,0,0,0,1,0,0,0,0.333333333333333,0.666666666666667,1,0,0,0,0.333333333333333,0.666666666666667,3,4,NA,NA,NA,NA,NA,NA,NA,NA,NA,NA,NA,NA,NA,NA,NA,NA,NA,NA,NA,NA,list(),NA
"Zondoma_Gourcy",0.142857142857143,0.142857142857143,0.142857142857143,0,1,0.142857142857143,0,0,0.142857142857143,0.857142857142857,1,0.142857142857143,0.666666666666667,0,0.142857142857143,1,7,7,NA,NA,NA,NA,NA,NA,NA,NA,NA,NA,NA,NA,NA,NA,NA,NA,NA,NA,NA,NA,list(),NA
"Zondoma_Leba",0,0,0.5,0,1,0.5,0,0,0,1,1,0.5,1,0,0.5,1,2,2,NA,NA,NA,NA,NA,NA,NA,NA,NA,NA,NA,NA,NA,NA,NA,NA,NA,NA,NA,NA,list(),NA
"Zondoma_Tougo",0,0,1,0,1,0.5,0,0,0,1,1,0.5,NA,0,0.5,1,2,2,NA,NA,NA,NA,NA,NA,NA,NA,NA,NA,NA,NA,NA,NA,NA,NA,NA,NA,NA,NA,list(),NA
